Year,Region,Gender,Age,Country,"New Zealand European",Maori,Samoan,"Cook Islands Maori",Tongan,Niuean,Chinese,Indian,"Other ethnicity","Languages spoken","Eye Colour",Handedness,Height,"Right foot length","Wrist circumference","Left thumb circumference","Travel method to school","Travel time to school","Bag weight","Litter in lunch","Fruit/vegetables in lunch","Memory time","Reaction time","Time standing on left leg","Physical activity - before school","Physical activity - at school","Physical activity - after school","Physical activity - on the weekend","Scheduled activities in last week","Screen time after school","Favourite video game","Own cell phone","Facebook account","Instagram account","Snapchat account","Reddit account","YouTube channel","Technology - None of these","Check messages as soon as you wake up","Respond to messages immediately","Take phone to school","Lose focus as school due to phone","Feeling without phone - Angry","Feeling without phone - Anxious","Feeling without phone - Frustrated","Feeling without phone - Happy","Feeling without phone - Lonely","Feeling without phone - Relieved","Feeling without phone - Sad","Feeling without phone - Neutral","Screen time opinion - On your phone","Screen time opinion - On social media","Screen time opinion - Playing video games","Bed time","Wake time","Sleep time","Time you get home from school","Time you ate dinner","Climate change opinion","How true: I get carried away by my feelings","How true: I say the first thing that comes into my mind without thinking enough about it","How true: I can't stop myself from doing something, even if I know it is wrong","How true: I try to talk out a problem instead of fighting","How true: It is easy for me to make friends","How true: I know how to stand up for myself without being mean","How wrong - Drink alcohol","How wrong - Smoke tobacco cigarettes","How wrong - Smoke e-cigarettes","How wrong - Smoke marijuana","How wrong (caregivers/parents) - Drink alcohol","How wrong (caregivers/parents) - Smoke tobacco cigarettes","How wrong (caregivers/parents) - Smoke e-cigarettes","How wrong (caregivers/parents) - Smoke marijuana"
4,"West Coast Region",female,8,"New Zealand",yes,no,no,no,no,no,no,no,,1,blue,right,121,21,,5,motor,30,3,no,2,54,1.89,8,0,1,0,0,0.0000,1.0000,,yes,no,no,no,no,no,no,never,never,never,never,no,no,no,no,no,no,no,no,aboutright,aboutright,aboutright,20:00:00,07:00:00,11.0000,16:30:00,19:00:00,dontknow,-100,-58,100,13,-87,-17,,,,,,,,
4,"Southland Region",female,9,"New Zealand",yes,no,no,no,no,no,no,no,,2,blue,right,122,20,15,8,bus,30,1.5,yes,2,95,0.561,16,1,1,1,1,35.7500,0.7500,Roblox,yes,no,no,no,no,yes,no,often,always,never,never,no,no,yes,no,no,no,no,no,toomuch,toomuch,toolittle,21:30:00,06:00:00,8.5000,16:00:00,18:30:00,dontknow,100,-100,,,,,,,,,,,,
4,"Wellington Region",male,8,"New Zealand",yes,no,no,no,no,no,no,no,,1,brown,right,132,22,14,6,walk,5,0,yes,2,92,7.567,28,3+,3+,2,2,2.0000,2.0000,Fortnite,yes,no,yes,yes,no,yes,no,often,often,never,never,no,no,no,no,no,no,no,yes,aboutright,,aboutright,21:00:00,05:00:00,8.0000,16:00:00,18:00:00,,,,,,,,,,,,,,,
4,"Waikato Region",male,8,"New Zealand",no,yes,no,no,no,no,no,no,,1,brown,right,121,20,13,5,bus,20,3.1,yes,1,99,0.799,9,0,3+,2,2,0.0000,0.0000,"Don't Have One",no,no,no,no,no,no,yes,n/a,n/a,n/a,n/a,no,no,no,no,no,no,no,no,n/a,toolittle,aboutright,20:00:00,07:00:00,11.0000,15:00:00,19:00:00,dontknow,58,39,38,100,-44,42,,,,,,,,
4,"Auckland Region",male,8,India,yes,no,no,no,no,no,no,yes,,2,brown,right,137,22,13,6,motor,9,2,yes,2,74,,14,1,1,1,1,0.0000,0.0000,"Fifa 19",no,no,no,no,no,no,yes,n/a,n/a,n/a,n/a,no,no,no,no,no,no,no,no,n/a,toolittle,aboutright,18:00:00,06:00:00,12.0000,15:30:00,19:30:00,dontknow,-100,-100,-100,100,100,100,,,,,,,,
4,"Gisborne Region",female,8,"New Zealand",yes,no,no,no,no,no,no,no,,1,brown,right,136,20,14,6,bus,15,,yes,2,64,0.513,14,0,3+,1,2,1.0000,2.0000,"Don't Have One",no,no,yes,yes,no,no,no,n/a,n/a,n/a,n/a,no,no,no,no,no,no,no,no,n/a,,toomuch,21:00:00,06:30:00,9.5000,14:30:00,17:30:00,urgent,-6,-73,-92,-100,100,94,,,,,,,,
4,"West Coast Region",female,8,"New Zealand",yes,no,no,no,no,no,no,no,,2,blue,right,120,12,,6,motor,10,1.1,yes,1,89,0.958,3,3+,3+,1,2,0.0000,6.5000,Roblox,no,no,no,no,no,no,yes,n/a,n/a,n/a,n/a,no,no,no,no,no,no,no,no,n/a,aboutright,toomuch,20:00:00,08:00:00,12.0000,15:00:00,17:00:00,dontknow,-100,-98,-99,-99,96,-97,,,,,,,,
4,"Gisborne Region",female,9,"Cook Islands",yes,no,no,no,no,no,no,no,,1,blue,right,139,21,14,6,motor,8,0.5,yes,3,98,3.291,57,0,1,1,2,5.0000,1.0000,"Don't Have One",no,no,no,no,no,no,yes,n/a,n/a,n/a,n/a,no,no,no,no,no,no,no,no,n/a,aboutright,aboutright,21:00:00,06:00:00,9.0000,14:30:00,18:30:00,urgent,-50,-99,-98,42,,97,,,,,,,,
4,"Auckland Region",female,7,"New Zealand",yes,no,no,no,no,no,no,no,,1,blue,right,125,19,14,6,motor,7,4,yes,2,77,1.186,7,0,3+,0,1,0.0000,1.0000,"Don't Have One",no,no,no,no,no,no,yes,n/a,n/a,n/a,n/a,no,no,no,no,no,no,no,no,n/a,aboutright,aboutright,18:00:00,07:00:00,13.0000,15:30:00,17:00:00,dontknow,52,99,51,26,53,99,,,,,,,,
4,"West Coast Region",female,7,"New Zealand",yes,no,no,no,no,no,no,no,,1,green,right,130,15,11,4,bike,10,,no,3,39,49.864,32,1,1,1,0,0.0000,2.0000,"Don't Have One",no,no,no,no,no,no,yes,n/a,n/a,n/a,n/a,no,no,no,no,no,no,no,no,n/a,,,20:30:00,07:00:00,10.5000,15:30:00,18:00:00,dontknow,-100,-98,100,100,33,100,,,,,,,,
4,"Gisborne Region",female,9,"New Zealand",yes,no,no,no,no,no,no,no,,1,hazel,right,128,19,12,5,walk,5,0.5,no,3,67,0.516,25,,1,2,1,3.5000,1.5000,"Don't Have One",no,no,no,no,no,no,yes,n/a,n/a,n/a,n/a,no,no,no,no,no,no,no,no,n/a,aboutright,aboutright,20:00:00,07:00:00,11.0000,15:00:00,17:00:00,urgent,89,,90,90,92,90,,,,,,,,
4,"Auckland Region",male,8,"New Zealand",yes,no,no,no,no,no,no,no,,1,blue,right,133,21,15,8,motor,12,2,yes,1,62,2.421,18,0,3+,0,0,5.5000,3.2500,Fortnite,no,no,no,no,no,no,yes,n/a,n/a,n/a,n/a,no,no,no,no,no,no,no,no,n/a,,aboutright,21:00:00,06:30:00,9.5000,15:30:00,18:00:00,future,-5,-100,34,-100,100,-3,,,,,,,,
4,"Wellington Region",female,15,,yes,yes,no,no,no,no,no,no,,1,blue,right,150,10,20,,walk,69,3.7,nolunch,0,59,2.413,2,3+,3+,3+,2,1.7500,,,yes,no,yes,no,no,no,no,rarely,never,rarely,never,no,no,no,no,no,no,no,no,toolittle,aboutright,toomuch,01:00:00,07:30:00,6.5000,18:00:00,18:30:00,urgent,-37,1,-35,-100,-2,-100,,,,,,,,
4,"Auckland Region",male,8,"New Zealand",yes,no,no,no,no,no,no,no,,1,brown,right,132,22,,6,motor,12,0.6,yes,1,86,,7,0,1,0,1,0.0000,3.5000,Roblox,no,no,no,no,no,no,yes,n/a,n/a,n/a,n/a,no,no,no,no,no,no,no,no,n/a,toolittle,toomuch,21:30:00,07:00:00,9.5000,17:30:00,19:30:00,dontknow,19,-41,-54,15,0,25,,,,,,,,
4,"Canterbury Region",male,9,"New Zealand",yes,no,no,no,no,no,no,no,,1,blue,right,130,22,,2,scooter,4,5,no,3,44,0.945,12,0,0,1,1,0.5000,0.7500,Minecraft,no,no,no,no,no,no,yes,n/a,n/a,n/a,n/a,no,no,no,no,no,no,no,no,n/a,aboutright,aboutright,20:30:00,08:00:00,11.5000,15:30:00,17:30:00,urgent,-16,50,100,-100,-4,73,,,,,,,,
4,"Wellington Region",female,8,"New Zealand",yes,no,no,no,no,no,no,no,,2,green,right,136,22,14,7,walk,10,1.7,no,2,65,4.101,67,0,3+,1,2,2.5000,2.5000,Roblox,no,no,no,no,no,no,yes,n/a,n/a,n/a,n/a,no,no,no,no,no,no,no,no,n/a,,aboutright,20:30:00,05:00:00,8.5000,15:30:00,17:30:00,,,,,,,,,,,,,,,
4,"Canterbury Region",female,7,"New Zealand",yes,no,yes,no,no,no,no,no,,1,brown,right,141,23,,7,bike,15,1,no,1,73,1.481,20,3+,3+,1,0,0.0000,4.7500,"Super Mario Bros",no,no,no,no,no,no,yes,n/a,n/a,n/a,n/a,no,no,no,no,no,no,no,no,n/a,,toomuch,20:30:00,07:00:00,10.5000,15:00:00,18:30:00,notaproblem,-100,100,30,100,-93,100,,,,,,,,
4,"Wellington Region",male,8,India,no,no,no,no,no,no,no,yes,,2,brown,right,125,19,16,,motor,1,5.6,no,2,98,1.666,3,0,1,1,2,1.7500,1.2500,"Amazing Frog",no,no,no,no,no,no,yes,n/a,n/a,n/a,n/a,no,no,no,no,no,no,no,no,n/a,aboutright,aboutright,22:30:00,08:30:00,10.0000,08:30:00,21:30:00,notaproblem,,-76,-100,-77,-22,100,,,,,,,,
4,"Auckland Region",male,8,England,yes,no,no,no,no,no,no,no,,2,blue,right,129,21,15,,motor,1,0,yes,2,75,,84,3+,3+,3+,2,1.2500,0.7500,"Skate 3",no,no,no,no,no,yes,no,n/a,n/a,n/a,n/a,no,no,no,no,no,no,no,no,n/a,,aboutright,22:00:00,05:30:00,7.5000,15:00:00,18:30:00,dontknow,-99,-98,26,-51,-99,-99,,,,,,,,
4,"Auckland Region",female,8,"New Zealand",no,no,no,no,no,no,no,yes,,1,brown,right,153,,,2,walk,13,6.9,yes,2,70,0.695,58,0,2,3+,1,5.5000,1.5000,"Mario Kart",no,no,no,no,no,no,yes,n/a,n/a,n/a,n/a,no,no,no,no,no,no,no,no,n/a,toolittle,aboutright,21:00:00,07:30:00,10.5000,15:00:00,19:00:00,notaproblem,-4,79,-20,-20,-26,-35,,,,,,,,
5,"West Coast Region",female,9,"New Zealand",yes,yes,no,no,no,no,no,no,,,brown,right,145,23,16,8,motor,1,1,yes,2,56,0.642,22,3+,3+,2,2,0.0000,1.5000,"Don't Have One",yes,no,no,no,no,no,no,never,rarely,never,never,no,no,no,no,no,no,no,no,toolittle,toolittle,toolittle,20:30:00,07:30:00,11.0000,15:00:00,18:30:00,urgent,-100,34,-100,69,14,100,,,,,,,,
5,"Auckland Region",female,10,"New Zealand",yes,yes,no,no,no,no,no,no,Swedish,3,hazel,right,150,24,,6,motor,6,1.5,no,5,42,,64,1,2,3+,2,1.2500,,Fortnite,yes,no,no,no,no,no,no,never,never,never,never,no,no,no,no,no,no,no,no,toomuch,toolittle,toomuch,19:30:00,07:30:00,12.0000,15:30:00,18:30:00,dontknow,100,0,100,-100,-100,-100,,,,,,,,
5,"Auckland Region",male,9,"New Zealand",yes,no,no,no,no,no,no,no,,2,green,right,143,25,,7,walk,11,3,yes,3,59,1.276,65,2,3+,2,1,5.5000,1.2500,Fortnite,no,no,no,no,no,no,yes,n/a,n/a,n/a,n/a,no,no,no,no,no,no,no,no,n/a,toolittle,aboutright,21:30:00,07:00:00,9.5000,16:30:00,18:00:00,urgent,,-67,-50,19,100,72,,,,,,,,
5,"Auckland Region",female,9,"New Zealand",no,no,yes,no,no,no,no,no,,2,brown,right,140,21,17,6,motor,15,0,yes,0,54,1.081,157,0,2,2,2,7.7500,1.5000,"Don't Have One",yes,no,no,no,no,no,no,never,rarely,never,never,no,no,no,no,no,no,no,yes,aboutright,aboutright,toolittle,21:30:00,07:00:00,9.5000,16:30:00,19:00:00,urgent,-17,-33,-26,24,11,38,,,,,,,,
5,"Wellington Region",male,9,England,yes,no,no,no,no,no,no,no,"English, Scottish, Irish, Canadian",5,brown,ambi,123,18,,2,bike,5,5,yes,3,53,0.553,7,0,0,3+,1,5.7500,1.5000,Minecraft,no,no,no,no,no,yes,no,n/a,n/a,n/a,n/a,no,no,no,no,no,no,no,no,n/a,toolittle,toomuch,20:30:00,07:30:00,11.0000,15:30:00,19:30:00,urgent,100,38,100,-100,100,100,,,,,,,,
5,"Auckland Region",female,9,"New Zealand",no,yes,no,no,no,no,no,no,,1,brown,right,133,21,13,5,motor,3,2,yes,2,46,0.959,24,0,2,2,0,0.0000,1.0000,"Don't Have One",no,no,no,no,no,no,yes,n/a,n/a,n/a,n/a,no,no,no,no,no,no,no,no,n/a,,,20:30:00,08:30:00,12.0000,15:00:00,20:00:00,dontknow,87,-100,-45,100,100,30,,,,,,,,
5,"Canterbury Region",female,9,"New Zealand",no,yes,no,no,no,no,no,no,,1,brown,right,123,18,12,5,motor,20,2,yes,1,55,1.144,1,0,3+,0,0,0.0000,0.2500,"Hannah Montana: Rock Out The Show",no,no,no,no,no,no,yes,n/a,n/a,n/a,n/a,no,no,no,no,no,no,no,no,n/a,toolittle,aboutright,20:30:00,06:30:00,10.0000,15:30:00,17:00:00,urgent,-19,-100,-100,100,27,100,,,,,,,,
5,"Auckland Region",female,9,"New Zealand",no,no,no,no,no,no,no,yes,,2,brown,right,137,20,13,5,motor,8,1.1,yes,1,43,0.526,39,,,2,2,1.5000,1.2500,Roblox,yes,no,no,no,no,no,no,sometimes,sometimes,never,never,no,no,yes,no,no,no,no,no,aboutright,toolittle,aboutright,20:30:00,06:30:00,10.0000,15:30:00,18:30:00,notaproblem,,-54,-8,-36,8,8,,,,,,,,
5,"Wellington Region",male,,"New Zealand",no,no,no,no,no,no,no,no,Filipino,1,brown,right,120,20,,4,motor,10,1.5,yes,1,57,0.575,52,0,3+,3+,2,2.7500,5.7500,"Nba 2k19",no,no,no,no,no,no,yes,n/a,n/a,n/a,n/a,no,no,no,no,no,no,no,no,n/a,aboutright,aboutright,21:30:00,07:00:00,9.5000,17:00:00,19:00:00,dontknow,-63,,-23,,,56,,,,,,,,
5,"Hawkes Bay Region",male,9,"New Zealand",yes,no,no,no,no,no,no,no,,1,blue,right,135,21,14,6,motor,3,3.3,no,1,62,0.56,21,0,2,3+,1,4.5000,1.5000,,no,no,no,no,no,no,yes,n/a,n/a,n/a,n/a,no,no,no,no,no,no,no,no,n/a,aboutright,aboutright,20:00:00,06:00:00,10.0000,15:30:00,18:30:00,urgent,19,6,19,-26,19,100,,,,,,,,
5,"Auckland Region",female,9,"South Africa",no,no,no,no,no,no,no,no,African,1,brown,right,147,24,16,7,motor,5,3,yes,1,52,0.452,78,3+,3+,3+,2,28.7500,3.5000,"PlayerUnknown's Battlegrounds",yes,no,no,no,no,no,no,rarely,rarely,never,,no,no,no,no,no,no,no,no,toolittle,toolittle,aboutright,20:30:00,03:30:00,7.0000,15:30:00,,dontknow,-64,-21,-7,14,100,34,,,,,,,,
5,"Tasman Region",female,9,Qatar,yes,no,no,no,no,no,no,no,,1,brown,right,125,,,4,motor,3,3,no,2,58,0.529,16,0,3+,2,0,4.0000,3.0000,"Don't Have One",no,no,no,no,no,no,yes,n/a,n/a,n/a,n/a,no,no,no,no,no,no,no,no,n/a,aboutright,,21:30:00,07:30:00,10.0000,15:30:00,18:30:00,urgent,-52,-36,-100,100,100,100,,,,,,,,
5,"Wellington Region",male,8,"New Zealand",yes,no,no,no,no,no,no,no,,1,brown,right,139,22,17,7,motor,6,0.3,yes,3,64,0.645,12,0,2,3+,2,6.0000,1.5000,"Disney Sorcerers Arena",yes,no,no,no,no,no,no,never,sometimes,never,never,yes,yes,yes,no,no,no,no,yes,toomuch,aboutright,toomuch,21:30:00,08:00:00,10.5000,15:30:00,18:30:00,urgent,45,-59,-23,43,-97,88,,,,,,,,
5,"Auckland Region",female,9,"New Zealand",yes,no,no,no,no,no,no,no,,1,blue,left,137,22,15,6,motor,5,,yes,2,47,0.514,68,3+,2,2,2,1.0000,0.7500,"Don't Have One",no,no,no,no,no,no,yes,n/a,n/a,n/a,n/a,no,no,no,no,no,no,no,no,n/a,aboutright,aboutright,21:30:00,08:00:00,10.5000,15:30:00,18:00:00,urgent,,,,100,40,67,,,,,,,,
5,"Otago Region",female,9,"New Zealand",no,no,no,no,no,no,no,no,Filipino,2,brown,right,131,23,13,6,motor,7,1.3,yes,1,50,0.503,14,3+,3+,1,1,1.7500,2.2500,Roblox,yes,no,no,no,no,no,no,rarely,rarely,never,sometimes,no,no,no,yes,no,no,no,no,aboutright,toolittle,toolittle,20:30:00,07:30:00,11.0000,15:30:00,17:30:00,,,,,,,,,,,,,,,
5,"Auckland Region",male,9,"New Zealand",no,no,no,no,no,no,no,no,,2,brown,right,139,20,13,6,motor,20,0,no,4,69,0.533,239,2,1,1,2,2.0000,0.2500,"Don't Have One",no,no,no,no,no,no,yes,n/a,n/a,n/a,n/a,no,no,no,no,no,no,no,no,n/a,,toolittle,19:30:00,06:30:00,11.0000,15:30:00,18:30:00,dontknow,-16,10,-9,5,-17,-3,,,,,,,,
5,"Auckland Region",female,9,"New Zealand",yes,no,no,no,no,no,no,no,,1,blue,right,150,22,14,6,bus,3,,yes,2,45,0.466,9,3+,3+,3+,2,0.0000,0.7500,"Grand Theft Auto",yes,no,no,no,no,no,no,sometimes,often,never,never,no,no,yes,no,no,no,no,no,aboutright,toolittle,toolittle,20:30:00,07:00:00,10.5000,15:30:00,18:30:00,dontknow,-6,29,-54,58,100,-29,,,,,,,,
5,"Auckland Region",female,9,"New Zealand",no,no,no,no,no,no,yes,no,,3,brown,right,158,24,13,2,bus,4,1,yes,2,62,0.603,44,0,2,3+,1,5.0000,0.0000,Roblox,yes,no,no,no,no,no,no,rarely,rarely,rarely,never,no,no,no,no,no,yes,no,no,aboutright,toolittle,toolittle,21:30:00,06:30:00,9.0000,15:00:00,18:00:00,urgent,10,100,-87,35,100,47,,,,,,,,
5,"Auckland Region",male,9,Bulgaria,yes,no,no,no,no,no,yes,no,Bulgarian,2,brown,right,143,21,16,5,motor,15,3.5,yes,2,39,0.575,19,,3+,3+,2,2.5000,1.0000,Roblox,no,no,no,no,no,no,yes,n/a,n/a,n/a,n/a,no,no,no,no,no,no,no,no,n/a,,aboutright,20:00:00,07:00:00,11.0000,17:30:00,18:30:00,dontknow,-100,-100,-100,100,100,100,,,,,,,,
5,"Waikato Region",male,8,"New Zealand",yes,no,no,no,no,no,no,no,,2,green,left,142,20,22,6,motor,3,1,yes,1,70,0.994,9,0,2,3+,1,,4.0000,"Call Of Duty: Black Ops",yes,no,no,yes,no,no,no,rarely,sometimes,never,never,no,no,no,yes,no,no,no,no,aboutright,toolittle,aboutright,19:00:00,06:30:00,11.5000,17:00:00,18:00:00,dontknow,0,-74,-100,100,-41,29,,,,,,,,
6,"Auckland Region",male,10,"New Zealand",no,no,no,no,no,no,no,no,Vietnamese,1,brown,right,157,,16,5,motor,8,3,yes,2,54,1.192,52,3+,3+,0,0,1.0000,0.2500,"Arena Of Valor",yes,no,no,no,no,yes,no,always,always,never,never,no,no,no,yes,yes,no,yes,no,aboutright,toolittle,aboutright,22:30:00,08:30:00,10.0000,15:30:00,19:30:00,urgent,,,,,,,,,,,,,,
6,"Auckland Region",male,10,"New Zealand",no,yes,no,no,no,no,no,yes,,1,brown,right,140,,22,10,motor,5,2.5,yes,3,63,0.654,200,3+,2,2,2,0.7500,0.5000,"Don't Have One",no,no,no,no,no,no,yes,n/a,n/a,n/a,n/a,no,no,no,no,no,no,no,no,n/a,,aboutright,20:30:00,06:00:00,9.5000,15:30:00,19:30:00,urgent,-100,-100,-100,100,68,100,,,,,,,,
6,"Bay of Plenty Region",female,10,"New Zealand",yes,no,no,no,no,no,no,no,,1,blue,right,143,25,16,6,walk,2,1.6,no,2,70,0.566,11,0,0,0,0,0.0000,1.5000,"Don't Have One",yes,no,no,no,no,no,no,rarely,sometimes,sometimes,never,no,no,yes,no,no,no,no,no,toomuch,toomuch,toomuch,19:30:00,06:00:00,10.5000,,17:30:00,notaproblem,46,97,58,-99,45,-98,,,,,,,,
6,"Auckland Region",male,10,"New Zealand",yes,no,no,no,no,no,no,no,,1,green,right,139,24,14,5,motor,5,3.5,no,5,,,,,,,,,,,,,,,,,,,,,,,,,,,,,,,,,,,,,,notaproblem,-100,100,19,64,100,100,,,,,,,,
6,"Auckland Region",female,10,"New Zealand",no,no,no,no,no,no,no,yes,,4,brown,right,133,19,18,6,walk,10,2.6,yes,,39,0.908,40,0,1,0,2,8.0000,3.0000,"Friv Games",yes,no,no,no,no,no,no,sometimes,never,often,never,no,no,no,yes,no,no,yes,no,aboutright,toolittle,toolittle,21:00:00,07:00:00,10.0000,15:30:00,19:30:00,dontknow,-99,100,-100,98,100,100,,,,,,,,
6,"Waikato Region",female,10,"New Zealand",yes,no,no,no,no,no,no,no,,1,grey,right,136,20,15,6,motor,7,0,yes,2,55,0.497,32,0,3+,3+,0,1.5000,0.7500,"Crash Bandicoot",no,no,no,no,no,no,yes,n/a,n/a,n/a,n/a,no,no,no,no,no,no,no,no,n/a,aboutright,aboutright,21:00:00,08:00:00,11.0000,15:00:00,18:00:00,dontknow,-86,44,-83,47,64,63,,,,,,,,
6,"Auckland Region",female,,"New Zealand",yes,no,no,no,no,no,no,no,Jewish,,hazel,right,152,25,15,6,motor,35,2,no,3,77,0.616,22,0,0,2,1,0.5000,0.0000,"Don't Have One",yes,no,no,no,no,no,no,rarely,sometimes,never,never,no,no,no,no,no,no,no,no,aboutright,toolittle,toolittle,21:30:00,06:00:00,8.5000,16:00:00,19:30:00,urgent,-5,37,-87,0,79,32,,,,,,,,
6,"Auckland Region",male,10,"New Zealand",yes,no,no,no,no,no,no,yes,,1,hazel,left,143,25,14,6,motor,5,1,yes,4,175,0.381,6,0,3+,3+,2,1.2500,1.5000,Roblox,yes,no,no,yes,no,no,no,never,never,rarely,never,no,no,yes,no,no,no,no,no,aboutright,toolittle,toomuch,20:30:00,07:00:00,10.5000,16:00:00,19:00:00,dontknow,-29,-40,-21,12,-54,49,,,,,,,,
6,"Waikato Region",male,10,"New Zealand",yes,yes,no,no,no,no,no,no,,1,blue,right,153,23,15,6,bus,10,0,yes,0,55,4.531,4,2,3+,2,1,0.0000,2.5000,Fortnite,yes,no,no,no,no,no,no,never,always,never,never,no,no,no,no,no,no,no,no,aboutright,toolittle,aboutright,20:00:00,06:30:00,10.5000,15:30:00,18:30:00,dontknow,100,-100,100,-100,100,100,,,,,,,,
6,"Auckland Region",male,10,"New Zealand",yes,no,no,no,no,no,no,no,,1,blue,right,156,23,14,6,train,45,,yes,1,43,0.531,,0,3+,1,0,,5.5000,Overwatch,no,no,yes,no,no,no,no,n/a,n/a,n/a,n/a,no,no,no,no,no,no,no,no,n/a,aboutright,toomuch,23:00:00,06:00:00,7.0000,16:00:00,18:30:00,dontknow,43,100,70,-74,-100,-26,,,,,,,,
6,"Auckland Region",female,10,"New Zealand",yes,no,no,no,no,no,no,no,,1,grey,right,,23,,5,walk,5,4.3,no,1,57,0.527,27,3+,3+,3+,2,0.7500,1.2500,"Don't Have One",no,no,no,no,no,no,yes,n/a,n/a,n/a,n/a,no,no,no,no,no,no,no,no,n/a,toolittle,aboutright,20:30:00,07:30:00,11.0000,,19:30:00,urgent,23,-55,-61,74,-23,37,,,,,,,,
6,"Canterbury Region",male,10,"United States of America",yes,no,no,no,no,no,no,no,,1,blue,right,145,22,14,6,walk,22,4,no,3,51,0.578,52,2,3+,3+,2,1.0000,0.0000,"Mario Kart 8 Deluxe",no,no,no,no,no,no,yes,n/a,n/a,n/a,n/a,no,no,no,no,no,no,no,no,n/a,aboutright,aboutright,20:30:00,07:00:00,10.5000,15:30:00,17:00:00,urgent,-58,-95,-100,100,100,100,,,,,,,,
6,"Manawatu-Wanganui Region",male,6,"New Zealand",no,yes,no,no,no,no,no,no,Maori,1,brown,right,,26,20,6,motor,43,4,yes,0,58,0.44,,0,1,0,2,3.7500,2.2500,"Grand Theft Auto 5",no,no,yes,no,no,no,no,n/a,n/a,n/a,n/a,no,no,no,no,no,no,no,no,n/a,aboutright,toomuch,22:30:00,05:30:00,7.0000,15:30:00,18:00:00,notaproblem,-28,-81,-11,25,0,79,,,,,,,,
6,"Canterbury Region",female,10,Vietnam,no,no,no,no,no,no,no,no,Vietnamese,2,brown,right,146,33,15,6,walk,15,3,yes,2,55,0.816,62,1,3+,3+,2,6.7500,0.5000,"Don't Have One",no,no,no,no,no,no,yes,n/a,n/a,n/a,n/a,no,no,no,no,no,no,no,no,n/a,toolittle,toolittle,20:30:00,07:00:00,10.5000,15:30:00,18:30:00,urgent,35,-22,-55,25,100,57,,,,,,,,
6,"Otago Region",male,10,"New Zealand",yes,yes,no,no,no,no,no,no,,1,hazel,right,153,24,15,8,motor,7,,yes,0,59,0.463,21,0,3+,2,,1.5000,2.7500,"Ark: Survival Evolved",yes,no,no,no,no,no,no,sometimes,often,rarely,never,no,no,no,no,no,no,no,yes,aboutright,aboutright,aboutright,22:30:00,07:30:00,9.0000,15:30:00,17:30:00,,,,,,,,,,,,,,,
6,"Waikato Region",female,10,"New Zealand",yes,no,no,no,no,no,no,no,,1,blue,right,144,20,15,,motor,1,,yes,4,44,0.467,37,0,2,3+,1,4.7500,0.7500,Homescapes,no,no,no,no,no,no,yes,n/a,n/a,n/a,n/a,no,no,no,no,no,no,no,no,n/a,,aboutright,21:30:00,07:30:00,10.0000,15:30:00,19:30:00,urgent,-56,-94,-95,98,-95,-93,,,,,,,,
6,"Otago Region",female,10,"New Zealand",yes,no,no,no,no,no,no,no,,1,green,right,148,24,15,5,walk,45,2.2,yes,2,48,0.461,19,1,1,3+,2,2.7500,0.5000,"Don't Have One",no,yes,no,no,no,no,yes,n/a,n/a,n/a,n/a,no,no,no,no,no,no,no,no,n/a,aboutright,toolittle,20:30:00,06:30:00,10.0000,16:30:00,18:30:00,urgent,-37,-47,-92,16,82,24,,,,,,,,
6,"Waikato Region",female,10,"New Zealand",yes,no,no,no,no,no,no,no,,1,brown,right,150,24,16,6,motor,15,2.5,no,4,43,0.574,24,2,3+,2,2,1.0000,0.5000,"Don't Have One",yes,no,no,no,no,no,no,sometimes,sometimes,never,never,no,no,no,no,no,no,no,no,aboutright,aboutright,,20:00:00,07:00:00,11.0000,15:30:00,16:30:00,future,-22,14,-71,54,98,5,,,,,,,,
6,"Northland Region",female,10,"New Zealand",yes,yes,no,no,yes,no,no,no,,1,brown,right,158,26,17,7,bus,,4.5,yes,2,47,0.501,13,3+,3+,3+,2,7.0000,0.2500,"Don't Have One",yes,no,no,no,no,no,no,rarely,often,never,never,no,no,no,no,no,no,no,no,aboutright,toolittle,toolittle,20:30:00,06:30:00,10.0000,15:00:00,18:00:00,urgent,-98,-81,-86,83,100,100,,,,,,,,
6,"Auckland Region",male,10,"New Zealand",yes,no,no,no,no,no,no,no,Filipino,1,brown,left,136,19,15,6,walk,1,0.9,yes,0,49,1.028,9,0,0,0,0,6.2500,1.5000,"Don't Have One",no,no,no,no,no,no,yes,n/a,n/a,n/a,n/a,no,no,no,no,no,no,no,no,n/a,toolittle,toomuch,21:30:00,05:30:00,8.0000,15:30:00,18:30:00,urgent,71,62,10,30,-39,-48,,,,,,,,
7,"Northland Region",female,11,"New Zealand",yes,no,no,no,no,no,no,no,,,brown,left,138,33,12,3,bus,10,3.8,yes,2,66,2.923,137,0,2,2,0,5.2500,,"G Switch",no,no,no,no,no,no,no,n/a,n/a,n/a,n/a,no,no,no,no,no,no,no,no,n/a,aboutright,toolittle,20:30:00,07:00:00,10.5000,19:30:00,20:00:00,future,-53,26,-31,100,100,-48,,,,,,,,
7,"Auckland Region",female,11,"New Zealand",yes,yes,no,no,no,no,no,no,,,hazel,right,169,22,15,6,walk,5,1.2,yes,1,51,0.498,20,0,0,0,0,0.2500,2.0000,"Don't Have One",no,no,no,no,no,no,yes,n/a,n/a,n/a,n/a,no,no,no,no,no,no,no,no,n/a,,aboutright,22:00:00,07:00:00,9.0000,20:00:00,18:30:00,future,-37,100,100,-25,100,100,,,,,,,,
7,"Auckland Region",female,11,"New Zealand",yes,no,no,no,no,no,no,no,,1,grey,left,164,24,18,6,motor,20,6,no,9,46,1.389,6,1,1,3+,,0.7500,0.2500,"Don't Have One",yes,no,no,no,no,no,no,always,always,always,never,no,no,no,yes,no,no,no,no,aboutright,toolittle,aboutright,24:00:00,06:00:00,6.0000,16:00:00,18:30:00,urgent,-59,-36,-83,57,90,89,,,,,,,,
7,"Wellington Region",male,11,"New Zealand",yes,no,no,no,no,no,no,no,,1,blue,left,140,22,16,,bus,30,2.6,yes,0,54,0.405,37,0,2,3+,1,0.0000,2.0000,Minecraft,no,no,no,no,no,yes,no,n/a,n/a,n/a,n/a,no,no,no,no,no,no,no,no,n/a,,,21:30:00,06:00:00,8.5000,15:30:00,19:00:00,future,15,-6,-3,-7,51,17,,,,,,,,
7,"Auckland Region",male,10,"New Zealand",yes,no,yes,no,yes,no,no,no,,1,brown,left,150,25,17,7,walk,20,,yes,2,85,0.492,11,3+,3+,3+,1,2.5000,,Fortnite,no,no,no,no,yes,no,yes,n/a,n/a,n/a,n/a,no,no,no,no,no,no,no,no,n/a,toomuch,toolittle,21:30:00,06:30:00,9.0000,16:00:00,17:30:00,dontknow,54,0,-32,-3,52,-16,,,,,,,,
7,"Auckland Region",female,11,"New Zealand",yes,no,no,no,no,no,no,no,,1,blue,right,144,22,14,7,walk,2,0.7,yes,1,62,0.649,27,1,3+,2,1,1.2500,2.2500,Roblox,yes,no,no,no,no,no,no,rarely,rarely,sometimes,never,no,no,no,no,no,no,no,yes,aboutright,toolittle,toomuch,21:00:00,07:00:00,10.0000,15:00:00,,future,-43,,-80,3,4,-20,,,,,,,,
7,"Auckland Region",male,11,China,no,no,no,no,no,no,yes,no,,2,brown,right,151,20,13,6,walk,10,0.5,no,3,57,6.458,,3+,3+,3+,2,4.2500,1.0000,"Shadow Fight 2",no,no,no,no,no,no,yes,n/a,n/a,n/a,n/a,no,no,no,no,no,no,no,no,n/a,toolittle,aboutright,20:30:00,07:30:00,11.0000,15:00:00,18:00:00,urgent,-49,-48,,57,14,100,,,,,,,,
7,"Auckland Region",male,11,"New Zealand",yes,no,no,no,no,no,no,no,,1,brown,right,140,18,15,6,train,25,4.5,no,0,65,2.034,30,1,2,2,0,1.0000,3.5000,Roblox,yes,no,no,no,no,yes,no,never,sometimes,often,never,no,no,no,no,no,no,no,no,aboutright,toolittle,aboutright,21:00:00,07:30:00,10.5000,15:30:00,18:30:00,urgent,,,-86,100,76,60,,,,,,,,
7,"Auckland Region",male,11,India,yes,no,no,no,no,no,no,yes,,1,brown,right,,23,,2,motor,2,3.8,yes,3,51,0.56,20,0,3+,3+,2,7.5000,2.5000,Minecraft,no,no,no,no,no,no,yes,n/a,n/a,n/a,n/a,no,no,no,no,no,no,no,no,n/a,toolittle,aboutright,20:30:00,07:30:00,11.0000,15:00:00,19:00:00,urgent,36,36,-70,-26,28,-12,,,,,,,,
7,"Canterbury Region",male,11,"New Zealand",yes,no,no,no,no,no,no,no,,1,blue,right,155,23,15,6,motor,12,3,no,1,44,0.628,12,,,2,1,0.0000,2.0000,"Don't Have One",yes,no,no,no,no,no,no,never,sometimes,rarely,never,no,no,no,no,no,no,no,yes,aboutright,toolittle,aboutright,21:30:00,07:00:00,9.5000,15:30:00,18:30:00,urgent,,,,19,29,-4,,,,,,,,
7,"Auckland Region",male,11,"New Zealand",yes,no,no,no,no,no,no,no,,1,blue,right,144,25,,,motor,1,,yes,1,43,0.571,40,0,2,1,1,1.5000,1.5000,Fortnite,no,no,no,no,no,yes,no,n/a,n/a,n/a,n/a,no,no,no,no,no,no,no,no,n/a,aboutright,aboutright,20:30:00,06:00:00,9.5000,15:30:00,18:00:00,urgent,-64,11,-32,46,-74,29,,,,,,,,
7,"Northland Region",male,11,"New Zealand",yes,no,no,no,no,no,no,no,,,hazel,right,152,23,15,7,bus,5,2,yes,2,45,0.417,,3+,2,1,1,2.0000,2.5000,,no,no,no,no,no,no,yes,n/a,n/a,n/a,n/a,no,no,no,no,no,no,no,no,n/a,aboutright,aboutright,21:00:00,07:00:00,10.0000,15:00:00,20:30:00,future,88,-91,,-92,49,93,,,,,,,,
7,"Wellington Region",female,11,"New Zealand",yes,no,no,no,no,no,no,no,,1,blue,right,151,22,15,6,walk,7,0.6,no,1,56,0.561,19,3+,2,3+,1,4.5000,0.2500,Minecraft,yes,no,no,no,no,no,no,rarely,sometimes,often,never,yes,no,yes,no,no,no,yes,no,aboutright,toolittle,toomuch,21:30:00,07:00:00,9.5000,15:30:00,19:30:00,urgent,60,-24,-77,-22,65,-16,,,,,,,,
7,"Waikato Region",female,11,"New Zealand",yes,yes,no,no,no,no,no,no,,1,blue,right,152,23,16,7,walk,7,2.2,yes,2,69,0.566,17,3+,3+,3+,1,0.0000,,"Don't Have One",yes,no,yes,yes,no,no,no,never,never,often,never,no,no,no,no,no,no,no,yes,aboutright,toomuch,toolittle,21:30:00,06:30:00,9.0000,15:00:00,18:30:00,dontknow,-51,-29,-100,74,-100,100,,,,,,,,
7,"West Coast Region",female,11,Australia,no,no,no,no,no,no,no,no,Australian,1,blue,right,164,24,16,5,motor,25,5,yes,4,60,0.631,8,2,1,0,0,2.0000,1.0000,"Don't Have One",yes,no,no,no,no,no,no,sometimes,always,rarely,never,no,no,no,no,no,yes,no,no,aboutright,toolittle,toolittle,20:00:00,07:00:00,11.0000,15:00:00,18:30:00,notaproblem,-26,-94,25,84,100,34,,,,,,,,
7,"Auckland Region",male,11,"New Zealand",no,no,no,no,no,no,yes,no,,2,brown,right,145,24,13,6,motor,5,5,no,1,71,0.559,100,3+,3+,3+,2,22.7500,0.5000,Fortnite,yes,no,no,no,no,no,no,rarely,sometimes,never,never,no,no,no,no,no,no,no,yes,aboutright,toolittle,aboutright,20:30:00,07:30:00,11.0000,15:00:00,19:30:00,dontknow,17,-28,-55,-74,61,-46,,,,,,,,
7,"Bay of Plenty Region",male,11,,no,no,no,no,no,no,no,no,American,1,green,right,147,23,15,5,motor,13,,yes,2,47,1.581,19,1,3+,3+,2,0.0000,3.0000,"Destiny 2",yes,no,no,no,no,no,no,never,never,rarely,never,no,no,no,no,no,no,no,no,toolittle,toolittle,toomuch,21:30:00,08:00:00,10.5000,15:30:00,21:30:00,future,-41,66,-2,58,98,47,,,,,,,,
7,"Canterbury Region",male,11,"New Zealand",yes,no,no,no,no,no,no,no,,2,hazel,right,162,27,16,6,bike,15,2.7,yes,2,59,0.562,90,0,3+,2,2,3.5000,1.5000,"Don't Have One",no,no,no,no,no,no,yes,n/a,n/a,n/a,n/a,no,no,no,no,no,no,no,no,n/a,toolittle,aboutright,20:30:00,06:30:00,10.0000,15:30:00,18:30:00,urgent,-53,-37,-78,87,63,42,,,,,,,,
7,"Auckland Region",female,11,"New Zealand",yes,no,no,no,no,no,no,no,Scottish,1,hazel,right,157,25,16,6,motor,5,5.5,yes,2,54,0.48,11,1,0,3+,1,4.7500,2.0000,"Don't Have One",yes,no,yes,no,no,no,no,sometimes,always,always,never,no,no,no,no,no,no,no,no,aboutright,toolittle,toolittle,20:30:00,06:30:00,10.0000,16:00:00,19:30:00,urgent,-100,-77,-96,26,94,-2,,,,,,,,
7,"Hawkes Bay Region",female,11,"New Zealand",yes,yes,no,no,no,no,no,no,,1,hazel,left,153,25,20,5,bike,25,1.8,yes,2,53,0.594,11,3+,3+,3+,2,10.7500,7.0000,Minecraft,no,no,no,no,no,no,yes,n/a,n/a,n/a,n/a,no,no,no,no,no,no,no,no,n/a,toolittle,toolittle,20:30:00,06:30:00,10.0000,15:30:00,17:30:00,future,20,7,33,-6,,-4,,,,,,,,
8,"Otago Region",male,13,"New Zealand",yes,no,no,no,no,no,no,no,,2,hazel,right,164,26,16,7,bike,8,3.1,no,4,38,0.562,9,2,1,3+,1,3.5000,3.2500,Skyrim,yes,no,no,no,no,no,no,never,sometimes,rarely,never,no,no,no,no,no,no,no,no,toolittle,toolittle,toomuch,20:30:00,07:30:00,11.0000,15:30:00,19:30:00,urgent,33,9,-20,-55,-14,18,,,,,,,,
8,"Otago Region",female,12,"New Zealand",yes,yes,no,no,yes,no,no,no,Scottish,1,brown,ambi,147,21,15,6,motor,2,2.7,yes,2,45,1.343,3,2,3+,3+,1,4.5000,3.5000,"Buzz Monster Rumble",yes,no,yes,yes,no,no,no,always,sometimes,always,always,yes,no,yes,yes,no,no,no,no,toomuch,toomuch,toolittle,21:30:00,06:30:00,9.0000,17:30:00,19:00:00,urgent,60,71,-40,35,100,52,,,,,,,,
8,"West Coast Region",male,12,"New Zealand",yes,no,no,no,no,no,no,no,"New Zealander",1,brown,ambi,163,25,15,7,bike,3,3,yes,1,97,0.388,61,1,2,3+,1,4.5000,,,yes,yes,yes,yes,no,no,no,often,often,rarely,never,no,no,no,no,no,no,no,no,aboutright,aboutright,toolittle,22:00:00,08:00:00,10.0000,15:30:00,20:30:00,dontknow,-63,-20,10,-60,28,79,,,,,,,,
8,"Auckland Region",female,12,"New Zealand",yes,no,yes,no,no,no,no,no,,1,brown,left,159,24,16,6,motor,12,4,yes,1,40,0.471,11,3+,3+,3+,2,15.7500,1.5000,"Don't Have One",no,yes,yes,yes,no,yes,no,n/a,n/a,n/a,n/a,no,no,no,no,no,no,no,no,n/a,toomuch,toolittle,21:30:00,04:00:00,6.5000,16:00:00,18:30:00,dontknow,-100,-69,-69,54,14,24,,,,,,,,
8,"Otago Region",female,13,"New Zealand",yes,no,no,no,no,no,no,no,,,brown,right,,24,15,6,bus,60,5,yes,2,43,0.725,10,0,0,0,1,0.2500,5.7500,"Don't Have One",yes,no,yes,yes,no,no,no,always,always,always,never,yes,no,yes,no,no,no,no,no,toomuch,toomuch,toolittle,20:30:00,07:30:00,11.0000,16:30:00,18:30:00,urgent,30,16,-100,100,100,100,,,,,,,,
8,"Auckland Region",male,12,"South Africa",no,no,no,no,no,no,no,no,"South African",1,brown,right,158,28,16,7,motor,5,8,yes,0,77,0.514,35,0,3+,3+,2,3.5000,2.7500,Fortnite,no,no,no,no,no,no,yes,n/a,n/a,n/a,n/a,no,no,no,no,no,no,no,no,n/a,,aboutright,22:30:00,07:30:00,9.0000,16:00:00,18:00:00,urgent,,-44,-21,34,66,,,,,,,,,
8,"Northland Region",male,12,"New Zealand",yes,yes,no,no,no,no,no,no,,2,hazel,right,155,24,16,6,bus,10,2.4,no,0,48,2.893,20,0,1,2,2,3.5000,4.0000,"Plants Vs Zombies",no,no,no,no,no,yes,no,n/a,n/a,n/a,n/a,no,no,no,no,no,no,no,no,n/a,,aboutright,22:00:00,07:00:00,9.0000,15:30:00,18:30:00,future,-100,-100,-100,100,65,100,,,,,,,,
8,"Auckland Region",female,12,"United States of America",no,no,no,no,no,no,no,no,"Irish, Scottish, German",1,blue,right,152,22,14,7,bus,65,6,yes,6,59,0.53,60,1,3+,3+,2,10.2500,0.5000,"Don't Have One",yes,no,yes,yes,no,no,no,never,sometimes,always,never,no,no,no,no,no,no,no,no,aboutright,aboutright,toolittle,20:30:00,06:30:00,10.0000,16:30:00,18:00:00,urgent,6,-12,-72,13,48,25,,,,,,,,
8,"Canterbury Region",male,12,"New Zealand",yes,yes,no,no,no,no,no,no,,1,brown,right,158,25,16,7,bike,5,6,yes,1,42,0.404,117,3+,3+,3+,1,7.0000,2.0000,"Assassin's Creed",yes,no,no,no,no,no,no,never,rarely,sometimes,never,no,no,no,no,no,no,no,yes,aboutright,toolittle,aboutright,21:30:00,07:00:00,9.5000,15:30:00,19:30:00,notaproblem,-40,-24,3,-10,72,31,,,,,,,,
8,"Wellington Region",female,12,"New Zealand",yes,yes,no,no,no,no,no,no,,2,blue,right,169,28,20,9,bus,30,2.7,yes,2,50,0.541,15,0,3+,2,0,1.5000,4.0000,Fortnite,yes,no,yes,yes,no,no,no,sometimes,always,always,never,no,no,no,no,no,no,no,yes,toomuch,toomuch,toomuch,22:00:00,06:30:00,8.5000,15:30:00,18:30:00,urgent,-31,45,-48,-40,0,16,,,,,,,,
8,"Auckland Region",female,12,"New Zealand",yes,no,no,no,no,no,no,no,,1,blue,right,161,23,15,6,walk,20,3,no,2,74,0.801,7,2,3+,3+,2,8.5000,0.5000,"Don't Have One",yes,no,yes,yes,no,no,no,sometimes,often,always,never,no,no,no,yes,no,no,no,no,aboutright,aboutright,toolittle,21:30:00,07:00:00,9.5000,15:30:00,19:30:00,urgent,43,-22,-48,19,11,52,,,,,,,,
8,"Auckland Region",female,11,"New Zealand",yes,no,no,no,no,no,no,no,,3,blue,ambi,143,23,,3,other,23,0.5,no,1,60,0.591,113,3+,3+,,2,2.5000,1.0000,Minecraft,yes,no,yes,yes,no,yes,no,sometimes,often,always,never,no,no,yes,no,no,no,no,no,aboutright,toomuch,aboutright,24:30:00,07:30:00,7.0000,15:30:00,19:30:00,urgent,26,-54,6,-72,-100,37,,,,,,,,
8,"Waikato Region",male,12,"New Zealand",yes,yes,no,no,no,no,no,no,,1,brown,right,100,21,24,6,walk,15,8,no,2,,0.507,59,2,3+,3+,2,1.5000,5.7500,Fortnite,yes,yes,no,no,no,yes,no,always,often,sometimes,never,no,no,no,no,no,no,no,yes,aboutright,aboutright,toomuch,23:00:00,07:30:00,8.5000,15:30:00,16:30:00,future,99,-12,33,100,-3,3,,,,,,,,
8,"Waikato Region",female,11,"New Zealand",yes,no,no,no,no,no,no,no,Dutch,2,grey,right,155,,,3,bus,30,2.6,yes,2,41,0.984,24,0,1,3+,2,13.2500,1.7500,Fortnite,yes,no,yes,yes,no,no,no,often,sometimes,always,rarely,no,no,yes,no,no,no,no,no,aboutright,toomuch,toolittle,22:00:00,06:00:00,8.0000,16:30:00,19:00:00,urgent,4,43,-37,60,47,63,,,,,,,,
8,"Auckland Region",female,12,"New Zealand",yes,yes,no,yes,no,no,no,no,,1,hazel,right,,24,,5,walk,10,0,yes,0,54,5.096,12,1,3+,1,0,1.7500,1.0000,Minecraft,yes,no,yes,yes,no,no,no,rarely,often,always,never,no,no,no,no,no,no,no,yes,aboutright,aboutright,aboutright,21:30:00,07:30:00,10.0000,15:30:00,18:00:00,urgent,1,-100,-97,100,100,100,,,,,,,,
8,"Northland Region",male,12,"New Zealand",yes,yes,no,no,no,no,no,no,,2,brown,,162,25,17,8,bus,30,,no,1,34,0.581,3,3+,1,3+,2,1.5000,0.0000,"Don't Have One",no,no,no,no,no,no,yes,n/a,n/a,n/a,n/a,no,no,no,no,no,no,no,no,n/a,,toolittle,20:00:00,07:00:00,11.0000,17:30:00,20:30:00,future,100,17,-13,44,19,19,,,,,,,,
8,"Canterbury Region",female,12,"New Zealand",yes,no,no,no,no,no,no,no,,2,blue,right,143,25,13,7,motor,12,1,no,3,115,1.783,34,0,3+,2,1,2.0000,3.0000,"Don't Have One",yes,no,yes,no,no,no,no,never,rarely,rarely,never,no,no,no,no,no,no,no,yes,aboutright,aboutright,toolittle,20:30:00,07:30:00,11.0000,15:30:00,19:00:00,urgent,-68,-66,-76,-26,53,78,,,,,,,,
8,"Waikato Region",male,12,England,no,no,no,no,no,no,no,no,British,1,hazel,left,140,22,10,,bike,25,2,nolunch,0,47,0.647,28,1,3+,1,2,0.0000,2.0000,"Don't Have One",yes,yes,yes,yes,yes,no,no,rarely,never,never,never,no,no,no,no,no,no,no,no,aboutright,toolittle,aboutright,23:30:00,07:30:00,8.0000,15:30:00,16:30:00,urgent,27,18,-45,-51,100,53,,,,,,,,
8,"Otago Region",male,12,"New Zealand",no,yes,no,no,no,no,no,no,,1,brown,right,145,22,14,7,train,60,0,yes,1,49,0.44,39,3+,3+,3+,2,,4.2500,"Shell Shockers",no,no,no,no,no,no,yes,n/a,n/a,n/a,n/a,no,no,no,no,no,no,no,no,n/a,toolittle,aboutright,23:00:00,07:00:00,8.0000,16:00:00,18:30:00,urgent,54,100,-18,100,-68,-17,,,,,,,,
8,"Bay of Plenty Region",female,12,England,no,no,no,no,no,no,no,yes,"England, Italian, Scottish",1,blue,right,153,24,,5,motor,10,5,yes,3,49,0.642,15,1,3+,3+,1,9.0000,5.5000,"Don't Have One",yes,no,yes,yes,no,no,no,always,sometimes,often,never,no,no,no,yes,no,no,no,no,toomuch,aboutright,toomuch,21:30:00,07:30:00,10.0000,16:00:00,18:00:00,dontknow,73,100,45,100,60,38,,,,,,,,
9,"Auckland Region",female,13,"New Zealand",no,no,no,no,no,no,yes,no,,2,brown,right,165,23,13,6,walk,3,6,yes,1,30,0.526,,0,0,3+,2,3.2500,4.0000,"Don't Have One",yes,no,yes,no,no,no,no,rarely,sometimes,sometimes,never,no,no,no,no,no,no,yes,yes,aboutright,toomuch,aboutright,22:00:00,06:30:00,8.5000,15:00:00,18:30:00,urgent,43,-52,-85,100,0,83,,,,,,,,
9,"Waikato Region",female,13,"New Zealand",yes,yes,no,no,no,no,no,no,,2,brown,right,160,24,15,7,motor,7,3.7,yes,2,46,0.749,15,,2,,,0.5000,,,yes,no,yes,yes,yes,no,no,often,always,often,sometimes,yes,yes,yes,no,yes,no,yes,no,aboutright,toomuch,toomuch,01:00:00,08:30:00,7.5000,15:30:00,18:30:00,urgent,67,29,83,-66,75,36,,,,,,,,
9,"Wellington Region",female,9,"New Zealand",yes,yes,no,no,no,no,no,no,,1,brown,left,160,22,16,2,bus,5,5,yes,3,47,,22,3+,3+,3+,2,5.0000,3.5000,"Don't Have One",no,yes,yes,yes,no,no,no,n/a,n/a,n/a,n/a,no,no,no,no,no,no,no,no,n/a,aboutright,toolittle,24:30:00,06:00:00,5.5000,16:00:00,21:00:00,dontknow,23,0,-100,-100,100,100,,,,,,,,
9,"Auckland Region",female,13,"New Zealand",yes,yes,no,no,no,no,no,no,,2,brown,right,162,24,17,6,motor,20,6,yes,,31,0.418,83,0,0,3+,2,1.2500,3.5000,Undertale,yes,no,yes,no,yes,yes,no,sometimes,always,often,rarely,no,yes,no,no,no,no,no,yes,aboutright,aboutright,toolittle,21:30:00,06:30:00,9.0000,16:30:00,18:30:00,dontknow,79,-36,-83,100,-100,-15,,,,,,,,
9,"Southland Region",male,13,"New Zealand",yes,no,no,no,no,no,no,no,,1,brown,left,155,25,14,8,walk,15,7,yes,2,43,1.01,6,3+,0,3+,1,5.5000,3.7500,Minecraft,yes,yes,yes,yes,no,yes,no,always,often,always,never,no,no,yes,no,yes,no,no,no,toomuch,toomuch,aboutright,21:30:00,06:30:00,9.0000,15:30:00,18:30:00,urgent,49,-31,-71,59,-18,47,,,,,,,,
9,"Waikato Region",female,13,"New Zealand",yes,no,no,no,no,no,no,no,,2,brown,right,129,24,19,6,bus,2,1.1,yes,0,39,0.356,4,0,0,3+,2,21.2500,2.7500,"Don't Have One",yes,no,yes,yes,no,no,no,sometimes,often,always,rarely,yes,no,yes,no,no,no,yes,no,toomuch,toolittle,toolittle,23:30:00,06:00:00,6.5000,15:30:00,21:30:00,dontknow,18,40,-31,42,-61,-38,,,,,,,,
9,"Canterbury Region",female,13,"New Zealand",no,no,no,no,no,no,no,no,Ethiopian,2,brown,right,156,26,15,6,bus,65,3.5,yes,1,38,0.493,65,3+,1,3+,2,6.2500,1.0000,"Don't Have One",yes,no,yes,yes,no,no,no,sometimes,often,always,rarely,no,no,no,no,no,no,no,yes,toolittle,aboutright,toolittle,22:30:00,07:30:00,9.0000,15:30:00,17:30:00,future,21,-60,-80,71,-4,-56,,,,,,,,
9,"Auckland Region",female,13,"New Zealand",yes,no,no,no,no,no,no,no,Japanese,2,brown,right,165,24,16,,bus,55,6.7,yes,4,42,0.529,159,3+,3+,3+,2,7.0000,2.5000,"Don't Have One",yes,no,yes,no,no,no,no,rarely,sometimes,always,rarely,no,no,no,no,no,no,no,yes,aboutright,toomuch,toolittle,22:30:00,06:30:00,8.0000,16:00:00,17:00:00,urgent,34,-74,23,-44,-21,-17,,,,,,,,
9,"Canterbury Region",male,13,"New Zealand",yes,no,no,no,no,no,no,no,,1,blue,right,163,27,,,bus,18,,yes,1,64,1.43,9,3+,2,3+,0,0.0000,5.5000,"Don't Have One",yes,no,yes,yes,no,no,no,never,sometimes,always,never,no,no,yes,no,no,no,no,no,aboutright,aboutright,toolittle,22:00:00,07:30:00,9.5000,15:30:00,18:30:00,notaproblem,100,-100,100,100,100,-100,,,,,,,,
9,"Canterbury Region",female,14,"New Zealand",yes,no,no,no,no,no,no,no,,2,blue,right,155,25,17,6,bus,60,2.6,no,2,43,0.67,69,1,2,3+,2,1.7500,7.7500,Fortnite,yes,yes,yes,yes,no,yes,no,always,often,always,rarely,no,no,no,yes,no,no,no,no,toomuch,toomuch,toolittle,04:30:00,07:30:00,3.0000,16:00:00,19:00:00,future,44,99,56,53,-59,-100,,,,,,,,
9,"Canterbury Region",male,13,"New Zealand",yes,no,no,no,no,no,no,no,,2,blue,right,172,28,,,other,45,1,nolunch,0,39,0.702,30,1,1,1,2,1.2500,2.0000,"Call Of Duty: Black Ops 4",yes,yes,yes,yes,no,no,no,often,often,always,sometimes,no,no,no,no,no,no,no,no,toomuch,aboutright,aboutright,21:30:00,07:00:00,9.5000,15:30:00,17:30:00,future,7,-6,16,12,10,16,,,,,,,,
9,"Auckland Region",female,13,"New Zealand",yes,no,no,no,no,no,no,no,,1,green,right,165,24,19,6,bus,40,3,nolunch,0,54,,80,,,3+,1,3.0000,1.5000,"Don't Have One",yes,no,no,no,no,no,no,sometimes,sometimes,often,never,no,no,no,no,no,no,no,yes,toolittle,toolittle,toolittle,20:30:00,06:00:00,9.5000,16:00:00,18:30:00,urgent,10,-12,-100,-37,36,100,,,,,,,,
9,"Auckland Region",female,13,"New Zealand",no,no,no,no,no,no,no,no,"German, Scottish",1,hazel,right,153,23,14,6,walk,15,5,no,1,66,0.547,119,1,,3+,,10.5000,1.2500,"Don't Have One",yes,yes,yes,yes,no,no,no,always,always,always,never,no,yes,no,no,no,no,no,yes,aboutright,toomuch,toolittle,21:30:00,07:30:00,10.0000,16:00:00,19:00:00,urgent,-38,23,-69,21,25,-30,,,,,,,,
9,"Auckland Region",male,12,"New Zealand",yes,no,no,no,no,no,no,no,,1,green,right,157,24,16,5,,,,,,71,0.445,36,0,0,1,1,3.5000,1.5000,"Need For Speed Rivals",yes,no,yes,no,no,no,no,never,never,often,never,no,no,no,no,no,no,no,yes,aboutright,toolittle,aboutright,20:30:00,07:00:00,10.5000,15:30:00,19:30:00,urgent,-19,42,-6,-54,-100,-100,,,,,,,,
9,"Auckland Region",female,13,"New Zealand",no,no,no,no,no,no,no,no,"Fijian Indian",2,brown,left,148,23,15,8,bus,15,7,yes,2,42,0.64,45,0,2,0,1,0.0000,3.5000,Halo,yes,no,yes,no,no,no,no,rarely,often,often,never,no,no,no,no,no,no,no,yes,aboutright,aboutright,toolittle,21:30:00,06:30:00,9.0000,15:30:00,17:00:00,urgent,,-88,-93,100,10,39,,,,,,,,
9,"Auckland Region",male,13,"New Zealand",yes,no,no,no,no,no,no,no,French,1,brown,left,171,26,15,5,bike,14,,yes,4,32,0.389,6,2,1,3+,2,14.5000,2.0000,"Mario Kart",yes,yes,yes,yes,yes,yes,no,sometimes,rarely,often,never,no,no,no,no,no,no,no,yes,aboutright,toolittle,toomuch,23:00:00,07:00:00,8.0000,16:30:00,18:30:00,notaproblem,-3,88,-4,26,64,-4,,,,,,,,
9,"Auckland Region",male,13,"New Zealand",yes,no,yes,no,no,no,no,no,,2,brown,left,177,29,18,3,motor,5,0,no,0,56,0.415,15,3+,3+,3+,2,0.0000,4.5000,Fortnite,yes,yes,yes,no,no,no,no,always,always,often,often,no,no,no,no,no,no,no,no,toomuch,toomuch,toolittle,21:30:00,07:30:00,10.0000,17:30:00,19:30:00,urgent,-100,28,-100,-100,12,-37,,,,,,,,
9,"Auckland Region",female,13,"New Zealand",yes,no,no,no,no,no,no,no,"Scottish, Australian, Irish",1,blue,right,165,27,17,6,bus,49,5,yes,2,39,0.507,378,1,,2,,2.7500,0.5000,"Don't Have One",yes,no,no,no,no,no,no,never,sometimes,always,never,no,no,yes,no,yes,no,yes,no,aboutright,aboutright,aboutright,22:00:00,07:00:00,9.0000,16:30:00,19:30:00,urgent,-83,7,-95,-54,-6,13,,,,,,,,
9,"Auckland Region",male,13,"New Zealand",no,no,no,no,no,no,no,no,Korean,2,brown,right,170,25,18,8,walk,2,7.5,yes,3,49,0.406,38,0,3+,1,2,2.5000,4.2500,Overwatch,yes,yes,yes,yes,no,no,no,sometimes,sometimes,always,rarely,no,no,yes,yes,no,yes,no,no,toomuch,toomuch,aboutright,22:00:00,08:00:00,10.0000,15:30:00,18:30:00,,-17,100,41,0,0,2,,,,,,,,
9,"Canterbury Region",male,,Germany,yes,no,no,no,no,no,no,no,,3,blue,right,179,26,19,6,,10,4,yes,1,45,0.413,42,0,2,0,0,3.0000,,"For Honor",yes,yes,yes,no,no,no,no,rarely,never,rarely,rarely,no,no,no,no,no,no,no,yes,toolittle,aboutright,toomuch,23:30:00,07:30:00,8.0000,15:00:00,16:00:00,future,96,95,96,-96,50,-98,,,,,,,,
10,"Canterbury Region",male,14,"New Zealand",yes,no,no,no,no,no,no,no,Israeli,1,brown,left,171,25,17,6,bus,10,4.7,no,2,48,0.497,66,0,0,1,1,4.2500,3.0000,,yes,yes,yes,no,no,no,no,sometimes,often,always,never,no,no,no,no,yes,no,no,yes,toomuch,aboutright,aboutright,23:30:00,06:30:00,7.0000,15:30:00,18:30:00,dontknow,7,0,-75,15,-100,0,,,,,,,,
10,"Bay of Plenty Region",female,14,"New Zealand",yes,yes,no,no,no,no,no,no,,1,brown,right,168,24,14,6,bus,30,2.8,yes,2,79,0.437,7,0,1,0,1,0.0000,7.0000,Fortnite,yes,yes,yes,yes,no,no,no,sometimes,sometimes,always,never,no,no,no,no,no,no,no,yes,toomuch,toomuch,toolittle,22:30:00,06:30:00,8.0000,16:00:00,18:30:00,urgent,-34,-34,-77,100,15,5,,,,,,,,
10,"Canterbury Region",male,14,"New Zealand",yes,no,no,no,no,no,no,no,,2,brown,right,160,26,15,6,bus,30,7,yes,1,49,0.715,10,,,2,1,5.5000,4.0000,"Free Rider HD",yes,no,yes,no,no,no,no,rarely,often,always,rarely,no,no,no,no,no,no,no,yes,aboutright,toolittle,toomuch,22:30:00,07:30:00,9.0000,16:30:00,20:00:00,urgent,22,-26,-54,43,64,87,,,,,,,,
10,"Auckland Region",female,14,"New Zealand",no,no,no,no,no,no,no,yes,,2,brown,right,158,25,17,6,motor,10,8.3,yes,4,36,0.401,40,0,0,2,2,3.2500,3.2500,"Don't Have One",yes,no,no,no,no,no,no,always,always,always,rarely,no,no,no,no,no,no,no,yes,toomuch,toolittle,aboutright,21:30:00,07:30:00,10.0000,16:30:00,18:00:00,urgent,23,7,-24,-8,66,11,,,,,,,,
10,"Hawkes Bay Region",male,14,"New Zealand",yes,yes,yes,no,no,no,no,no,,1,brown,right,196,22,17,,motor,20,1,yes,0,41,0.482,5,2,2,2,0,0.0000,6.0000,"WWE 2K19",yes,yes,yes,no,yes,yes,no,never,often,always,rarely,no,no,no,no,no,no,no,yes,aboutright,toolittle,aboutright,23:00:00,08:00:00,9.0000,15:30:00,18:00:00,urgent,-52,74,13,-9,-39,-10,,,,,,,,
10,"Canterbury Region",male,14,Australia,yes,no,no,no,no,no,no,no,,1,blue,right,169,26,18,7,bus,60,10,yes,5,56,0.372,99,,,3+,1,7.5000,6.5000,"Nba 2k19",yes,no,yes,yes,no,no,no,never,rarely,always,never,no,yes,no,no,yes,no,no,no,aboutright,toolittle,toolittle,23:30:00,06:30:00,7.0000,16:30:00,19:00:00,dontknow,-100,87,42,-69,71,-100,,,,,,,,
10,"Canterbury Region",female,14,"New Zealand",yes,no,no,no,no,no,no,no,,1,blue,left,156,24,15,6,walk,20,9,no,2,46,0.561,29,0,2,3+,2,0.0000,0.0000,Paper.io,yes,no,yes,no,no,no,no,never,rarely,always,never,no,no,no,no,no,no,no,yes,aboutright,aboutright,aboutright,22:30:00,07:00:00,8.5000,15:30:00,18:30:00,urgent,-53,-62,-99,100,13,-34,,,,,,,,
10,"Canterbury Region",male,14,"New Zealand",yes,no,no,no,no,no,no,no,,1,blue,right,163,21,,7,bus,25,2.4,yes,4,43,0.392,21,3+,2,3+,2,2.0000,5.0000,Fortnite,yes,yes,yes,yes,no,no,no,always,often,always,rarely,no,no,yes,no,no,no,no,no,aboutright,aboutright,toomuch,23:00:00,04:00:00,5.0000,16:00:00,18:00:00,future,47,100,-38,63,15,43,,,,,,,,
10,"Auckland Region",female,13,"New Zealand",yes,no,no,no,no,no,no,no,,1,blue,right,161,21,15,5,bus,30,4.2,no,2,43,0.356,80,0,3+,2,2,4.5000,4.7500,"Don't Have One",yes,yes,yes,yes,no,no,no,rarely,rarely,always,rarely,no,no,no,yes,no,no,no,no,aboutright,aboutright,toolittle,22:00:00,06:30:00,8.5000,16:00:00,20:00:00,future,49,13,-100,76,52,16,,,,,,,,
10,"Canterbury Region",male,14,"New Zealand",yes,no,no,no,no,no,no,no,,2,brown,right,175,27,18,7,bus,15,4.8,yes,0,59,0.453,76,0,3+,2,2,4.0000,3.2500,"World War 2",yes,yes,yes,yes,no,no,no,always,often,always,sometimes,no,no,yes,no,no,no,no,no,toomuch,toomuch,,24:00:00,07:00:00,7.0000,15:30:00,18:00:00,future,-8,21,-11,-2,-6,9,,,,,,,,
10,"Canterbury Region",female,14,"New Zealand",yes,no,no,no,no,no,no,no,,1,hazel,right,160,24,15,6,bike,15,,no,1,40,0.561,62,,,3+,0,7.0000,0.5000,"Don't Have One",yes,yes,yes,no,no,no,no,often,often,sometimes,rarely,yes,no,no,no,no,no,no,yes,aboutright,aboutright,aboutright,21:00:00,06:30:00,9.5000,15:30:00,18:30:00,urgent,77,30,-71,12,-30,-24,,,,,,,,
10,"Auckland Region",female,14,"New Zealand",yes,no,no,no,no,no,no,no,,2,grey,right,175,26,16,6,train,75,8.5,yes,4,41,0.613,7,1,1,2,0,5.5000,3.2500,"Don't Have One",yes,no,yes,yes,no,no,no,sometimes,sometimes,always,never,no,no,no,no,no,no,no,yes,aboutright,aboutright,aboutright,22:00:00,06:00:00,8.0000,16:30:00,18:00:00,urgent,8,33,-73,-21,86,68,,,,,,,,
10,"Auckland Region",female,14,Malaysia,no,no,no,no,no,no,no,no,Malaysian,3,brown,right,158,,16,5,motor,7,4.8,yes,2,48,0.493,41,0,0,2,1,9.0000,5.0000,"Apex Legends",yes,yes,yes,yes,no,no,no,often,never,always,often,yes,yes,yes,no,no,no,no,no,toomuch,toomuch,aboutright,22:30:00,07:30:00,9.0000,16:00:00,17:30:00,urgent,,-16,-48,,-53,-50,,,,,,,,
10,"Canterbury Region",male,14,England,no,no,no,no,no,no,no,no,English,1,brown,right,163,26,17,6,bike,23,8,no,3,41,0.172,85,3+,0,3+,2,7.5000,1.5000,"SCP: Containment Breach",no,yes,no,no,no,no,no,n/a,n/a,n/a,n/a,no,no,no,no,no,no,no,no,n/a,toolittle,aboutright,22:00:00,06:30:00,8.5000,15:30:00,18:30:00,future,-47,54,5,36,-25,49,,,,,,,,
10,"Bay of Plenty Region",female,14,"New Zealand",yes,no,no,no,no,no,no,no,,1,hazel,right,170,26,15,7,motor,30,3.1,yes,1,42,0.583,51,0,1,1,0,0.0000,2.0000,Paladins,yes,no,yes,yes,no,no,no,sometimes,rarely,always,rarely,no,no,yes,no,no,no,no,no,aboutright,toomuch,aboutright,21:00:00,06:30:00,9.5000,16:00:00,19:00:00,urgent,3,1,-37,-37,-17,-28,,,,,,,,
10,"Auckland Region",male,15,"New Zealand",no,no,no,no,no,no,no,no,Korean,2,brown,right,176,28,16,6,motor,20,6,yes,5,48,0.503,9,0,0,3+,2,9.2500,2.7500,"League Of Legends",yes,yes,yes,no,no,no,no,sometimes,often,always,never,no,no,no,no,no,no,no,yes,aboutright,toomuch,toomuch,23:00:00,07:00:00,8.0000,16:00:00,18:30:00,urgent,68,17,-68,73,31,41,,,,,,,,
10,"Nelson Region",female,14,"New Zealand",yes,no,no,no,no,no,no,no,,1,hazel,right,159,23,18,7,bike,8,7,yes,2,73,3.179,13,2,2,2,2,3.5000,2.2500,"Don't Have One",yes,yes,yes,yes,no,yes,no,often,sometimes,always,sometimes,no,no,no,no,no,no,no,yes,aboutright,aboutright,toolittle,22:30:00,06:00:00,7.5000,15:30:00,18:30:00,urgent,43,-20,7,-22,-56,34,,,,,,,,
10,"Wellington Region",female,15,Australia,yes,no,no,no,no,no,no,no,,1,brown,right,155,24,12,5,motor,10,4.6,yes,3,53,0.478,72,,2,,,0.0000,5.5000,Minecraft,yes,no,yes,yes,no,no,no,often,often,always,rarely,no,no,yes,no,yes,no,yes,yes,toomuch,toomuch,toomuch,22:30:00,07:00:00,8.5000,15:30:00,18:30:00,dontknow,78,-47,-32,80,78,-29,,,,,,,,
10,"Canterbury Region",female,14,,yes,no,no,no,no,no,no,no,,1,blue,left,168,24,20,10,walk,30,3,yes,3,41,0.467,53,3+,2,3+,2,8.2500,4.2500,,yes,yes,yes,yes,no,no,no,always,sometimes,always,rarely,no,no,no,no,no,no,no,yes,aboutright,toomuch,toolittle,22:00:00,06:30:00,8.5000,15:30:00,19:00:00,urgent,-83,-98,11,84,100,47,,,,,,,,
10,"Bay of Plenty Region",male,14,"New Zealand",yes,yes,no,no,no,no,no,no,,1,brown,right,180,27,19,7,bike,10,7,yes,1,46,0.407,60,3+,1,3+,2,5.0000,1.0000,Fortnite,no,no,no,no,no,no,yes,n/a,n/a,n/a,n/a,no,no,no,no,no,no,no,no,n/a,toolittle,aboutright,20:30:00,06:30:00,10.0000,15:00:00,18:30:00,future,-100,-52,-78,100,50,99,,,,,,,,
11,"Auckland Region",male,15,"New Zealand",yes,no,no,no,no,no,no,no,,1,blue,right,176,26,19,7,walk,20,8.2,yes,1,77,,23,3+,0,3+,2,8.2500,1.5000,"Grand Theft Auto 5",no,yes,no,no,no,no,no,n/a,n/a,n/a,n/a,no,no,no,no,no,no,no,no,n/a,toolittle,aboutright,22:30:00,07:30:00,9.0000,16:00:00,17:30:00,notaproblem,64,-100,-100,40,48,35,100,100,100,100,100,100,100,100
11,"Wellington Region",female,15,"New Zealand",yes,yes,yes,no,no,no,no,no,,1,brown,right,170,,,2,bus,20,3,no,1,46,1.329,300,3+,3+,2,2,5.0000,2.0000,"Don't Have One",no,yes,yes,no,no,no,no,n/a,n/a,n/a,n/a,no,no,no,no,no,no,no,no,n/a,toolittle,toolittle,20:00:00,06:30:00,10.5000,16:00:00,17:30:00,dontknow,-100,40,-7,89,85,100,100,100,100,100,100,100,100,100
11,"Bay of Plenty Region",female,15,"New Zealand",no,no,no,no,no,no,no,no,Tuvaluan,2,brown,right,167,26,,,walk,15,4.9,yes,1,46,0.424,10,1,2,0,1,5.5000,4.0000,Fortnite,yes,yes,yes,yes,no,no,no,sometimes,sometimes,often,sometimes,no,no,yes,no,no,no,no,no,toomuch,aboutright,aboutright,22:30:00,05:30:00,7.0000,15:30:00,20:30:00,future,-43,-15,-5,-13,9,-46,-30,-43,-52,-28,-76,-76,-79,-70
11,"Wellington Region",female,15,"New Zealand",no,no,no,no,no,no,yes,no,,1,brown,right,161,23,14,5,bus,45,5.8,no,3,61,0.564,39,,,3+,1,3.0000,2.2500,"Don't Have One",yes,no,yes,yes,no,no,no,rarely,sometimes,always,sometimes,no,no,no,no,no,no,no,yes,toomuch,aboutright,aboutright,22:00:00,07:00:00,9.0000,18:00:00,19:00:00,urgent,100,-79,-49,39,36,92,-1,100,72,57,100,100,100,100
11,"Canterbury Region",female,15,"New Zealand",yes,no,no,no,no,no,no,no,,1,blue,right,160,24,14,6,bus,25,3,no,0,60,0.5,30,0,0,0,1,1.0000,6.7500,"Don't Have One",yes,yes,yes,yes,no,no,no,always,sometimes,always,rarely,yes,yes,yes,no,yes,no,yes,no,toomuch,toomuch,aboutright,22:00:00,07:00:00,9.0000,20:00:00,20:30:00,future,,,33,-25,30,15,-60,-59,-58,-60,-39,23,,-30
11,"Taranaki Region",female,15,"New Zealand",yes,no,no,no,no,no,no,no,,1,blue,right,171,25,17,7,bus,30,6.5,no,2,88,0.442,29,3+,2,,,4.0000,2.0000,"Don't Have One",yes,no,yes,yes,no,no,no,often,always,always,rarely,no,no,no,yes,no,yes,no,no,toomuch,toomuch,aboutright,02:30:00,07:30:00,5.0000,16:00:00,19:00:00,urgent,100,100,85,-100,-91,-100,75,100,100,79,90,100,100,100
11,"Auckland Region",female,15,"New Zealand",yes,no,no,no,no,no,no,no,,1,brown,ambi,176,28,15,6,bus,13,3.9,no,3,51,0.792,46,1,0,3+,1,14.5000,5.5000,"Don't Have One",yes,no,yes,yes,no,no,no,always,sometimes,always,rarely,no,no,yes,no,no,no,no,yes,aboutright,aboutright,toolittle,23:00:00,06:00:00,7.0000,15:30:00,19:00:00,dontknow,100,-48,-49,51,99,100,-43,100,-43,100,27,100,-25,100
11,"Auckland Region",male,15,"New Zealand",no,no,no,no,no,no,no,no,"Fijian Indian",1,brown,right,177,17,,,motor,10,0.5,yes,1,56,0.527,16,0,3+,3+,1,2.0000,1.7500,"Fifa 19",yes,no,yes,no,no,no,no,sometimes,sometimes,always,never,yes,no,yes,no,no,no,yes,no,toomuch,toomuch,toomuch,21:30:00,07:00:00,9.5000,15:30:00,19:00:00,future,97,100,-71,52,100,-100,100,100,100,100,100,100,100,100
11,"Wellington Region",female,15,"United States of America",yes,no,no,no,no,no,no,no,,1,blue,right,151,22,14,6,walk,20,7.5,no,3,60,0.729,16,3+,1,3+,2,8.0000,6.5000,"The Sims 4",yes,no,no,no,no,no,no,often,often,always,sometimes,no,no,yes,no,no,no,no,yes,aboutright,aboutright,aboutright,21:30:00,05:30:00,8.0000,16:30:00,19:00:00,urgent,80,27,-11,17,49,14,3,64,32,25,97,96,96,96
11,"Otago Region",female,15,"New Zealand",yes,no,no,no,no,no,no,no,,1,hazel,right,159,22,14,5,bus,20,7,no,1,30,0.437,39,0,0,3+,0,3.0000,6.5000,"Puzzle Fun",yes,yes,yes,yes,no,no,no,always,often,always,rarely,no,yes,yes,no,yes,no,yes,no,toomuch,toomuch,toolittle,12:30:00,07:00:00,18.5000,16:00:00,19:00:00,urgent,55,-92,-75,100,65,24,91,100,100,100,100,100,100,100
11,"Canterbury Region",female,11,"New Zealand",yes,no,no,no,no,no,no,no,,1,blue,right,111,11,11,7,walk,1,1,yes,1,32,0.549,1,0,0,0,0,1.0000,1.0000,,yes,no,no,no,no,no,no,always,always,always,always,yes,no,no,no,no,no,no,no,toomuch,toomuch,toomuch,13:00:00,01:00:00,12.0000,13:00:00,13:30:00,urgent,-4,-11,13,-28,14,-44,11,13,11,16,13,16,15,20
11,"Canterbury Region",male,15,"New Zealand",yes,no,no,no,no,no,no,no,,1,green,right,178,,16,9,walk,1,5,no,3,26,0.385,20,0,0,1,1,2.0000,2.0000,"Don't Have One",yes,no,yes,yes,no,no,no,sometimes,rarely,always,rarely,no,no,no,no,no,no,no,yes,aboutright,aboutright,toolittle,22:30:00,07:00:00,8.5000,15:30:00,17:30:00,urgent,-100,-100,-88,67,70,71,-56,-100,-100,-100,-84,-100,-100,-100
11,"Auckland Region",male,16,China,no,no,no,no,no,no,yes,no,,2,brown,right,170,16,11,5,bike,20,7,no,2,41,0.601,6,3+,0,3+,1,0.7500,3.0000,,yes,no,no,no,no,no,no,sometimes,always,never,never,no,no,yes,no,no,no,no,no,aboutright,aboutright,toolittle,21:30:00,07:30:00,10.0000,15:30:00,18:30:00,future,11,-100,-96,100,46,100,100,100,100,100,100,100,100,100
11,"Northland Region",male,15,"New Zealand",yes,yes,no,no,no,no,no,no,,1,green,right,183,28,19,7,bus,30,3,yes,1,38,0.402,36,3+,3+,2,2,0.0000,6.0000,,no,yes,yes,no,no,no,no,n/a,n/a,n/a,n/a,no,no,no,no,no,no,no,no,n/a,aboutright,aboutright,22:00:00,07:00:00,9.0000,16:00:00,18:30:00,dontknow,-100,-100,-100,100,56,75,-36,100,-9,67,32,100,6,68
11,"Hawkes Bay Region",female,15,"New Zealand",yes,no,no,no,no,no,no,no,,1,hazel,right,168,27,16,6,motor,10,5,no,1,41,0.404,42,0,0,3+,0,5.0000,,"Don't Have One",yes,yes,yes,yes,no,no,no,always,sometimes,always,never,yes,yes,yes,yes,yes,yes,yes,yes,toomuch,toomuch,aboutright,21:30:00,07:00:00,9.5000,16:30:00,18:30:00,dontknow,100,25,-100,100,-56,100,-100,100,100,100,-57,100,100,100
11,"Auckland Region",female,15,"New Zealand",yes,no,no,no,no,no,no,no,,1,blue,ambi,165,20,12,6,bus,40,8.5,yes,1,67,0.442,143,0,2,3+,2,9.2500,1.0000,Minecraft,yes,yes,yes,yes,no,no,no,never,sometimes,always,sometimes,no,no,no,no,no,no,no,yes,aboutright,toomuch,toolittle,22:00:00,06:00:00,8.0000,16:30:00,18:30:00,urgent,36,-81,-22,,22,26,-47,100,100,64,-62,100,100,80
11,"Otago Region",female,15,"New Zealand",yes,no,no,no,no,no,no,no,,1,hazel,right,160,22,16,5,motor,3,5.2,yes,2,36,0.361,52,0,0,3+,1,10.5000,7.0000,"Grand Theft Auto 5",yes,yes,yes,yes,no,no,no,always,sometimes,always,rarely,no,no,no,no,no,no,no,yes,toomuch,toomuch,toolittle,22:30:00,08:00:00,9.5000,15:30:00,20:30:00,urgent,30,-21,-24,52,55,73,-65,-9,-26,58,-34,9,13,100
11,"Auckland Region",male,15,"New Zealand",yes,yes,yes,yes,no,yes,no,no,,1,grey,ambi,176,23,19,6,walk,10,14,nolunch,0,38,0.343,17,1,1,1,1,5.2500,3.7500,Uncharted,yes,no,yes,yes,no,no,no,often,rarely,often,rarely,no,no,no,no,no,no,no,yes,aboutright,aboutright,toomuch,19:30:00,07:30:00,12.0000,15:30:00,20:30:00,dontknow,21,-35,-9,-4,-14,-14,-9,-7,-11,-12,-6,-8,8,-5
11,"Auckland Region",male,15,"New Zealand",yes,no,no,no,no,no,no,no,"Dutch, Latino",1,brown,left,178,26,,3,walk,20,13,no,4,48,0.459,41,1,0,2,0,0.0000,4.2500,"Don't Have One",yes,yes,no,no,no,no,no,rarely,never,often,rarely,no,no,no,no,no,no,no,yes,aboutright,toolittle,toomuch,01:30:00,08:00:00,6.5000,15:30:00,20:30:00,urgent,-60,36,-40,10,0,0,45,46,46,45,44,100,71,100
11,"Auckland Region",female,15,"New Zealand",no,no,no,no,no,no,yes,no,,2,brown,right,155,21,14,6,motor,15,8,yes,2,31,0.328,21,0,1,1,1,0.0000,3.0000,"Don't Have One",yes,no,yes,no,no,no,no,often,often,always,rarely,no,no,yes,no,yes,no,no,no,toomuch,aboutright,aboutright,22:30:00,07:30:00,9.0000,15:30:00,18:30:00,urgent,23,-78,-78,65,-14,-17,73,82,87,95,75,80,77,80
12,"Canterbury Region",male,17,"New Zealand",yes,no,no,no,no,no,no,no,,1,hazel,right,179,26,18,7,motor,35,6.5,yes,1,81,0.379,19,0,3+,3+,2,0.0000,2.0000,"Don't Have One",yes,yes,yes,yes,no,no,no,rarely,never,always,sometimes,no,no,no,no,no,no,no,yes,aboutright,aboutright,toolittle,22:30:00,06:30:00,8.0000,16:30:00,19:00:00,urgent,-24,-46,17,-78,29,41,-100,-35,-34,23,-100,19,20,67
12,"Canterbury Region",female,16,"New Zealand",yes,no,no,no,no,no,no,no,,1,blue,right,170,25,14,4,bike,4,4,yes,9,32,0.496,23,2,3+,3+,1,8.0000,3.0000,"Don't Have One",yes,yes,yes,no,no,no,no,rarely,often,always,rarely,no,no,no,yes,no,no,no,yes,aboutright,aboutright,aboutright,22:00:00,06:30:00,8.5000,16:30:00,19:00:00,dontknow,-1,-65,-100,40,97,42,-32,-31,-30,-30,-48,-48,-45,-45
12,"Bay of Plenty Region",female,16,"New Zealand",yes,yes,no,no,no,no,no,no,,2,brown,right,158,23,,6,bus,50,0,yes,1,50,73.153,35,2,2,1,2,1.0000,5.0000,"Don't Have One",yes,yes,yes,yes,no,no,no,sometimes,sometimes,always,sometimes,yes,no,yes,no,no,no,no,yes,aboutright,toomuch,toolittle,23:30:00,07:30:00,8.0000,16:30:00,20:00:00,,,,,,,,,,,,,,,
12,"Canterbury Region",male,16,"New Zealand",yes,no,no,no,no,no,no,no,,1,brown,left,183,30,19,7,walk,1,12,no,3,39,0.373,20,0,2,3+,2,4.0000,3.0000,"Don't Have One",yes,yes,yes,yes,no,no,no,often,rarely,always,sometimes,no,no,no,no,yes,no,no,no,aboutright,aboutright,toolittle,23:00:00,07:30:00,8.5000,15:30:00,17:30:00,future,5,0,-31,8,0,28,-23,2,-1,54,-37,-3,16,100
12,"Wellington Region",female,16,England,yes,no,no,no,no,no,no,no,,2,blue,right,156,22,15,6,bus,25,5.2,no,2,41,0.841,71,1,0,3+,1,1.5000,2.0000,"Don't Have One",yes,yes,yes,yes,no,no,no,always,often,always,often,no,no,yes,no,no,no,no,no,toomuch,toomuch,toolittle,21:30:00,06:00:00,8.5000,16:00:00,18:30:00,urgent,97,-26,-59,36,11,-28,-45,100,100,-9,25,26,31,28
12,"Auckland Region",male,16,Philippines,no,no,no,no,no,no,no,no,Filipino,2,brown,right,167,23,19,7,motor,60,4,nolunch,0,35,0.399,36,3+,3+,3+,2,2.0000,7.0000,"Monster Hunter World",yes,yes,no,no,no,no,no,always,rarely,always,never,no,no,no,no,no,no,no,yes,toomuch,toolittle,aboutright,23:00:00,06:00:00,7.0000,18:00:00,20:30:00,urgent,-32,-58,,47,57,45,,100,99,99,,99,98,99
12,"Canterbury Region",female,16,"New Zealand",yes,no,no,no,no,no,no,no,,1,blue,right,173,22,,5,bike,18,0.6,yes,1,35,0.516,,3+,0,3+,0,7.5000,4.0000,"Don't Have One",yes,yes,yes,no,no,no,no,often,,always,never,no,no,no,no,no,yes,no,yes,aboutright,toomuch,toolittle,23:30:00,06:30:00,7.0000,16:30:00,19:00:00,urgent,26,-86,-65,32,-45,-84,20,-43,-16,-47,23,-50,-51,-78
12,"Canterbury Region",male,16,,yes,no,no,no,no,no,no,no,British,1,brown,left,181,25,18,6,walk,15,4.6,nolunch,0,37,0.453,24,0,0,0,0,0.0000,6.0000,"Counter Strike: Global Offensive",yes,yes,yes,yes,yes,no,no,often,often,always,sometimes,no,no,no,no,no,no,no,no,toomuch,toomuch,toomuch,12:00:00,08:00:00,20.0000,15:00:00,18:30:00,urgent,20,64,-41,77,11,-8,-43,12,-18,-48,51,100,100,100
12,"Auckland Region",female,15,"New Zealand",yes,no,no,no,no,no,no,no,,1,hazel,right,175,25,18,6,bus,20,4.8,yes,5,51,0.387,20,2,0,3+,2,0.0000,3.0000,"Don't Have One",yes,no,yes,yes,no,no,no,rarely,sometimes,always,rarely,no,no,no,yes,no,yes,no,yes,aboutright,aboutright,toolittle,22:30:00,07:00:00,8.5000,16:00:00,19:00:00,urgent,-100,-100,-100,100,73,80,-21,100,58,100,100,100,100,100
12,"Bay of Plenty Region",male,16,China,yes,no,no,no,no,no,no,no,,1,blue,right,185,30,20,8,motor,50,2.5,yes,0,31,0.633,7,0,0,0,0,2.0000,5.0000,"Civilization 5",yes,no,no,no,no,no,no,never,often,always,sometimes,no,no,no,no,no,no,no,yes,toomuch,aboutright,aboutright,21:30:00,06:00:00,8.5000,16:30:00,18:30:00,notaproblem,,66,-22,70,-37,-26,78,78,37,100,100,100,100,100
12,"Bay of Plenty Region",female,16,"United States of America",no,no,no,no,no,no,no,no,"New Zealander, American",1,green,right,179,23,18,4,bus,60,4,yes,1,31,0.437,3,0,0,3+,2,2.0000,1.5000,"Don't Have One",yes,yes,yes,yes,no,no,no,rarely,never,often,rarely,no,yes,no,no,no,yes,no,no,aboutright,aboutright,toolittle,21:30:00,06:30:00,9.0000,16:00:00,19:00:00,urgent,6,-27,,,,,-94,-43,,,-86,70,77,77
12,"Wellington Region",male,16,Austria,no,no,no,no,no,no,no,no,Australian,2,blue,right,192,30,16,7,bus,40,7.3,yes,2,39,0.396,,0,1,2,1,4.0000,3.5000,"Tom Clancy's Rainbow Six Siege",yes,no,no,no,yes,no,no,sometimes,sometimes,always,rarely,no,no,no,no,no,no,no,yes,aboutright,toolittle,aboutright,22:00:00,06:30:00,8.5000,16:30:00,18:00:00,urgent,-47,-62,-57,25,-23,50,-33,100,66,36,-29,84,68,100
12,"Canterbury Region",female,16,"New Zealand",no,no,no,no,no,no,no,no,Filipino,1,brown,right,160,25,17,6,motor,35,2,yes,2,32,0.416,10,0,0,0,1,0.0000,3.5000,Minecraft,yes,yes,yes,yes,no,no,no,often,sometimes,always,often,no,no,no,no,no,no,no,yes,toomuch,toomuch,toolittle,23:30:00,06:30:00,7.0000,18:30:00,19:30:00,urgent,15,-61,-30,74,77,99,-100,-20,-27,-78,-28,100,3,-38
12,"Canterbury Region",female,16,"New Zealand",yes,no,no,no,no,no,no,no,,1,blue,right,170,,,2,motor,10,2,yes,4,47,0.516,3,3+,3+,3+,1,19.0000,2.0000,"Don't Have One",yes,yes,yes,yes,no,no,no,often,often,always,rarely,no,no,no,no,no,no,no,no,aboutright,toomuch,aboutright,21:30:00,06:30:00,9.0000,16:00:00,19:30:00,urgent,48,65,-50,52,38,47,-100,100,100,100,-100,100,100,100
12,"Otago Region",male,16,"New Zealand",yes,no,no,no,no,no,no,no,,1,brown,left,170,27,18,7,motor,6,5.8,yes,0,45,0.415,61,0,2,3+,1,6.0000,2.0000,Minecraft,yes,yes,yes,yes,no,no,no,always,often,always,rarely,no,no,yes,no,no,no,no,no,toomuch,toomuch,aboutright,23:00:00,08:00:00,9.0000,08:30:00,21:00:00,urgent,-55,-56,-77,40,41,46,-78,100,-44,0,-47,100,-30,100
12,"Auckland Region",male,17,Australia,no,no,no,no,no,no,no,no,English,1,hazel,right,178,28,18,5,motor,20,4,yes,2,55,1.726,50,3+,3+,2,1,2.5000,2.0000,"Nba 2k18",yes,yes,yes,yes,no,no,no,always,often,always,rarely,no,no,no,no,no,no,no,yes,aboutright,aboutright,aboutright,23:30:00,07:00:00,7.5000,15:30:00,19:00:00,urgent,9,0,-99,61,4,36,-66,-100,-100,-100,-7,100,100,100
12,"Canterbury Region",female,16,"New Zealand",yes,no,no,no,no,no,no,no,,2,hazel,left,170,27,16,6,bus,13,5.6,yes,3,68,0.47,23,1,1,3+,2,9.0000,1.2500,"Don't Have One",yes,yes,yes,yes,no,no,no,sometimes,rarely,always,never,no,no,no,no,no,no,no,yes,aboutright,aboutright,toolittle,22:00:00,07:00:00,9.0000,15:30:00,20:30:00,future,-100,37,-85,-50,7,38,-100,11,23,27,-100,59,90,100
12,"Taranaki Region",female,16,"New Zealand",yes,yes,no,no,no,no,no,no,,1,brown,left,170,23,18,7,walk,1,5,yes,2,57,0.696,10,0,0,3+,2,2.0000,3.2500,"Don't Have One",yes,yes,yes,yes,no,no,no,always,often,always,often,yes,no,no,no,no,no,no,no,toomuch,toomuch,toolittle,23:00:00,07:00:00,8.0000,15:30:00,17:30:00,urgent,95,-11,-20,100,69,42,-100,-100,-100,-51,45,22,-19,100
12,"Otago Region",female,16,"New Zealand",yes,no,no,no,no,no,no,no,,1,brown,right,166,25,16,6,motor,6,6.4,no,7,33,0.345,27,2,0,3+,1,5.0000,2.0000,,yes,yes,yes,yes,no,no,no,always,sometimes,always,sometimes,no,no,no,no,no,yes,no,no,toomuch,toomuch,aboutright,23:00:00,07:30:00,8.5000,18:00:00,18:00:00,notaproblem,-100,-62,-100,100,100,100,-100,-40,100,61,-100,100,100,100
12,"Auckland Region",female,16,"South Africa",no,no,no,no,no,no,no,no,"South African",2,brown,right,165,23,15,7,bus,20,4.4,no,2,51,0.413,61,2,1,3+,1,17.5000,,"Don't Have One",yes,yes,yes,yes,no,no,no,sometimes,sometimes,always,sometimes,no,yes,no,no,no,yes,no,no,aboutright,toomuch,toolittle,22:00:00,05:00:00,7.0000,16:00:00,19:00:00,urgent,61,31,-75,90,58,20,-29,100,76,100,-16,100,100,100
13,"Auckland Region",female,18,"New Zealand",yes,yes,no,no,no,no,no,no,,1,blue,right,159,24,15,,motor,15,3.5,yes,3,29,0.371,28,0,0,2,0,4.0000,5.0000,"The Sims",yes,yes,yes,yes,no,no,no,always,rarely,always,sometimes,no,yes,no,no,yes,no,no,no,toomuch,toomuch,toolittle,23:00:00,05:00:00,6.0000,16:00:00,23:00:00,urgent,73,-75,-100,100,-63,100,-100,-100,-100,-100,-100,-100,-100,-100
13,"Canterbury Region",male,17,"New Zealand",yes,no,no,no,no,no,no,no,,1,brown,ambi,165,24,17,8,motor,20,7,yes,1,40,0.379,420,0,3+,3+,2,3.0000,4.0000,"Don't Have One",yes,yes,yes,yes,no,no,no,sometimes,often,always,sometimes,no,no,no,no,no,no,no,yes,aboutright,aboutright,aboutright,22:00:00,07:00:00,9.0000,16:00:00,19:00:00,urgent,27,13,-32,46,26,56,66,100,80,100,14,100,100,100
13,"Canterbury Region",female,17,"New Zealand",yes,yes,no,no,no,no,no,no,,1,brown,right,168,25,19,10,walk,1,6,no,4,43,0.375,31,1,3+,3+,2,14.7500,5.0000,"Don't Have One",yes,yes,yes,yes,no,no,no,often,often,always,rarely,no,no,no,no,no,yes,no,yes,toomuch,toomuch,toolittle,22:00:00,07:30:00,9.5000,18:30:00,17:30:00,urgent,54,25,-50,100,49,71,-70,100,100,100,-76,100,100,100
13,"Canterbury Region",female,17,"New Zealand",yes,no,no,no,no,no,no,no,,1,blue,right,156,22,15,6,motor,10,5.9,yes,3,76,0.347,32,,,3+,1,0.0000,3.0000,"Don't Have One",yes,no,yes,no,no,no,no,rarely,rarely,always,rarely,no,no,no,no,no,no,no,yes,toomuch,toolittle,toolittle,23:30:00,06:30:00,7.0000,15:30:00,18:30:00,urgent,96,-77,-98,72,,34,20,54,22,54,-33,97,98,98
13,"Canterbury Region",male,18,"New Zealand",yes,no,no,no,no,no,no,no,,1,brown,right,188,30,20,10,walk,1,2,no,5,42,0.458,59,2,2,3+,2,24.0000,5.0000,"Don't Have One",yes,yes,yes,yes,no,no,no,often,often,always,often,no,yes,no,no,no,no,no,no,aboutright,aboutright,toolittle,22:30:00,07:00:00,8.5000,15:30:00,17:30:00,future,71,68,-39,22,89,5,-100,-57,-67,-66,56,59,56,58
13,"Auckland Region",male,17,China,no,no,no,no,no,no,yes,no,,3,blue,right,190,29,17,9,motor,10,7.6,nolunch,0,41,0.369,2,0,0,0,0,0.0000,6.0000,"Tom Clancy's Rainbow Six Siege",yes,yes,yes,no,no,yes,no,always,always,always,never,no,no,yes,no,no,no,no,no,aboutright,toolittle,aboutright,22:30:00,07:30:00,9.0000,15:30:00,17:30:00,urgent,6,-100,-100,100,46,100,20,100,100,100,11,100,99,99
13,"Canterbury Region",female,19,Philippines,no,no,no,no,no,no,no,no,,1,hazel,right,152,23,14,5,motor,10,2.5,yes,1,31,0.449,20,0,0,3+,2,24.0000,7.0000,"Don't Have One",yes,yes,yes,yes,no,no,no,often,always,always,sometimes,no,no,no,no,no,no,no,yes,toomuch,toomuch,toolittle,23:00:00,06:30:00,7.5000,14:30:00,19:00:00,urgent,100,-80,-86,94,56,84,-16,93,93,96,100,100,100,100
13,"Canterbury Region",female,17,"New Zealand",yes,no,no,no,no,no,no,no,,2,blue,right,167,26,16,6,motor,12,5,yes,6,38,0.412,83,0,1,2,1,0.0000,2.5000,"Don't Have One",yes,yes,yes,yes,no,no,no,often,sometimes,always,rarely,no,no,no,no,no,no,no,yes,aboutright,aboutright,toolittle,23:00:00,07:00:00,8.0000,15:00:00,19:30:00,urgent,-58,-77,-59,71,21,48,-30,100,-63,41,-53,100,100,100
13,"Canterbury Region",male,17,Australia,no,yes,no,no,no,no,no,no,Indonesian,1,brown,right,183,30,17,8,walk,10,11,no,1,47,0.483,11,3+,0,3+,2,16.0000,2.0000,"Destiny 2",yes,yes,yes,yes,no,no,no,sometimes,rarely,always,sometimes,no,no,no,no,no,no,no,yes,toomuch,aboutright,aboutright,22:30:00,07:30:00,9.0000,15:00:00,19:30:00,urgent,-42,-41,-41,-40,,64,,-65,-64,,,-100,-100,-100
13,"Canterbury Region",female,17,"New Zealand",yes,no,no,no,no,no,no,no,,1,brown,right,165,24,15,7,bus,7,6.5,yes,2,45,0.49,8,3+,2,3+,2,15.0000,3.5000,"Don't Have One",yes,yes,yes,yes,no,no,no,sometimes,sometimes,often,sometimes,no,no,no,no,no,no,no,yes,aboutright,aboutright,aboutright,23:00:00,07:00:00,8.0000,15:30:00,20:00:00,urgent,-31,10,-34,-13,21,23,-46,8,-9,53,-29,17,17,38
13,"Auckland Region",female,17,"New Zealand",no,no,no,no,no,no,yes,no,,2,brown,right,163,24,15,7,motor,10,4,yes,0,55,0.525,15,2,0,2,1,1.0000,,"Don't Have One",yes,yes,yes,yes,no,no,no,always,often,always,rarely,no,yes,no,no,no,no,no,yes,toomuch,toomuch,toolittle,24:30:00,07:30:00,7.0000,15:30:00,16:00:00,urgent,8,-30,-72,78,53,15,-35,63,54,69,19,94,92,92
13,"Canterbury Region",female,17,"New Zealand",yes,no,no,no,no,no,no,no,,1,blue,right,171,25,16,7,motor,20,5,no,2,54,0.535,,2,0,3+,1,20.5000,3.0000,"Don't Have One",yes,yes,yes,yes,no,no,no,always,rarely,always,never,no,no,yes,no,no,no,no,no,toomuch,aboutright,aboutright,20:30:00,06:00:00,9.5000,16:00:00,18:30:00,urgent,100,-31,-100,-86,12,17,50,100,100,0,-15,100,100,100
13,"Auckland Region",male,17,"New Zealand",yes,no,no,no,yes,no,no,no,,1,green,right,184,28,18,7,motor,13,4.8,yes,2,52,0.48,62,3+,1,3+,1,13.0000,3.2500,"Nba 2k19",yes,yes,yes,yes,no,no,no,often,sometimes,always,sometimes,no,no,no,no,no,no,no,yes,aboutright,aboutright,toomuch,,07:30:00,,18:30:00,19:00:00,future,-32,42,-57,-83,28,-21,-32,55,-23,20,-37,82,42,81
13,"Canterbury Region",female,17,"New Zealand",yes,no,no,no,yes,no,no,no,,1,brown,right,190,25,,6,motor,30,4,yes,1,49,0.423,64,3+,0,3+,2,2.0000,4.0000,"Fireboy & Watergirl",yes,yes,no,yes,no,no,no,often,sometimes,always,rarely,no,no,no,no,no,no,no,yes,aboutright,toomuch,aboutright,01:30:00,06:30:00,5.0000,24:30:00,19:00:00,urgent,-81,4,49,32,-10,36,-75,15,-100,27,-100,-51,-66,39
13,"Canterbury Region",female,17,"New Zealand",yes,no,no,no,no,no,no,no,,1,blue,right,159,21,14,3,motor,20,5,yes,3,26,0.407,90,1,2,3+,1,10.5000,4.0000,"Don't Have One",yes,yes,yes,yes,no,no,no,often,sometimes,always,sometimes,no,no,no,no,yes,no,no,yes,toomuch,toomuch,toolittle,12:30:00,07:00:00,18.5000,16:00:00,18:30:00,urgent,19,-40,-63,34,23,18,-72,49,-17,65,-34,100,100,100
13,"Canterbury Region",female,16,Argentina,no,no,no,no,no,no,no,no,,2,brown,right,158,23,16,6,walk,12,5,no,1,31,0.623,35,0,3+,1,1,0.0000,3.0000,"Don't Have One",yes,yes,yes,yes,no,no,no,always,sometimes,always,sometimes,no,yes,no,no,yes,no,no,no,toomuch,aboutright,toolittle,22:00:00,07:00:00,9.0000,15:30:00,19:00:00,urgent,2,-100,-73,97,-47,66,,100,100,67,98,99,93,100
13,"Auckland Region",male,19,Niger,no,no,no,no,no,no,no,yes,,5,blue,left,172,30,,5,boat,55,,nolunch,0,79,0.437,165,1,2,1,2,3.0000,6.0000,,yes,yes,yes,yes,yes,no,no,sometimes,sometimes,always,always,no,no,no,no,no,no,no,no,toomuch,toomuch,toomuch,03:00:00,06:00:00,3.0000,15:30:00,15:30:00,notaproblem,-100,100,-100,-100,100,-100,-100,-98,-100,-98,-98,-99,-97,-98
13,"Canterbury Region",male,17,"New Zealand",yes,no,no,no,no,no,no,no,,1,blue,right,182,28,16,6,motor,27,15,no,6,34,0.399,264,0,0,0,0,6.0000,5.0000,"League Of Legends",yes,yes,no,no,yes,no,no,sometimes,rarely,always,rarely,no,no,no,no,no,no,no,yes,aboutright,aboutright,toomuch,22:30:00,06:30:00,8.0000,16:00:00,20:00:00,urgent,-62,41,19,90,46,-36,24,100,-100,-6,-71,100,-28,34
13,"Otago Region",female,17,"New Zealand",yes,no,no,no,no,no,no,no,,1,blue,left,165,24,16,9,walk,3,5.3,no,4,45,0.53,63,3+,2,3+,2,0.0000,1.5000,"Don't Have One",yes,yes,no,yes,no,no,no,sometimes,sometimes,often,rarely,no,no,no,no,no,no,no,yes,aboutright,aboutright,aboutright,21:30:00,05:00:00,7.5000,15:30:00,19:00:00,urgent,,-32,-100,,-58,,,,,88,,100,,100
13,"Canterbury Region",female,17,"New Zealand",yes,no,no,no,no,no,no,no,,1,brown,right,166,26,17,7,walk,1,5.3,yes,1,51,0.478,59,1,0,0,0,9.0000,4.0000,"Don't Have One",yes,yes,yes,yes,no,no,no,always,often,always,sometimes,no,yes,yes,no,no,no,no,yes,toomuch,toomuch,aboutright,21:00:00,06:30:00,9.5000,18:00:00,19:30:00,urgent,31,-53,-73,-35,-24,-35,-53,59,60,84,-37,80,80,88
